Date;Maupertuis;BU;Pelvoux;Romero;Rostand;IBGBI;Premiers Cycles;Facteur Cheval;Ile-de-France;Brétigny
2015-01-05;1772.824253;387.484866;349.699697;0.168;0.168;488.036737;685.949745;5508.252055;14745.739726;5687.183562
2015-01-19;5081.334751;1109.920816;1001.609749;0.168;0.168;1398.094072;1965.636614;5508.252055;14745.739726;5687.183562
2015-01-26;6735.59;1471.138791;1327.564774;0.168;0.168;1853.12274;2605.480049;5508.252055;14745.739726;5687.183562
2015-02-02;8389.845249;1832.356767;1653.5198;0.168;0.168;2308.151407;3245.323484;5508.252055;14745.739726;5687.183562
2015-03-02;15006.866245;3277.228668;2957.339903;0.168;0.168;4128.266077;5804.697224;5508.252055;14745.739726;5687.183562
2015-03-16;18315.376743;3999.664618;3609.249955;0.168;0.168;5038.323412;7084.384093;5508.252055;14745.739726;5687.183562
2015-03-23;19845.871062;4333.856304;3910.816812;0.167;0.167;5459.307365;7676.357023;5475.46484;14657.967466;5653.331279
2015-05-25;34848.082477;7609.694263;6866.860005;0.168;0.168;9585.901583;13479.00985;5508.252055;14745.739726;5687.183562
2015-06-22;41465.103473;9054.566164;8170.680108;0.168;0.168;11406.016253;16038.38359;5508.252055;14745.739726;5687.183562
2015-06-29;43119.358722;9415.78414;8496.635134;0.168;0.168;11861.044921;16678.227025;5508.252055;14745.739726;5687.183562
2015-07-20;48082.124469;10499.438065;9474.500211;0.168;0.168;13226.130923;18597.757329;5508.252055;14745.739726;5687.183562
2015-07-27;49736.379718;10860.656041;9800.455237;0.168;0.168;13681.159591;19237.600764;5508.252055;14745.739726;5687.183562
2015-08-03;51390.634967;11221.874016;10126.410263;0.168;0.168;14136.188258;19877.444199;5508.252055;14745.739726;5687.183562
2015-08-17;54699.145466;11944.309966;10778.320315;0.168;0.168;15046.245593;21157.131069;5508.252055;14745.739726;5687.183562
2015-08-24;56353.400715;12305.527941;11104.275341;0.168;0.168;15501.274261;21796.974503;5508.252055;14745.739726;5687.183562
2015-09-21;62970.421711;13750.399842;12408.095444;0.168;0.168;17321.388931;24356.348243;5508.252055;14745.739726;5687.183562
2015-10-19;70006.60636;15286.801242;13794.509971;0.169;0.169;19256.803435;27077.850244;5541.039269;14833.511986;5721.035845
2015-11-23;77868.56571;17003.511727;15343.630885;0.168;0.168;21419.355442;30118.747749;5508.252055;14745.739726;5687.183562
2015-12-07;81177.076208;17725.947677;15995.540936;0.168;0.168;22329.412777;31398.434618;5508.252055;14745.739726;5687.183562
2015-12-14;82831.331457;18087.165652;16321.495962;0.168;0.168;22784.441444;32038.278053;5508.252055;14745.739726;5687.183562
2015-12-28;64697.913335;13772.263428;12431.469128;0.168;0.168;16950.340339;25218.699371;5585.884078;14734.587806;5633.843768
2016-01-04;37080.380204;7256.682622;6556.930329;0.168;0.168;8198.477869;14801.704077;5689.393443;14719.718579;5562.724044
2016-01-11;37779.065145;7393.413564;6680.476186;0.168;0.168;8352.954699;15080.602323;5689.393443;14719.718579;5562.724044
2016-04-04;46731.669317;19451.540401;9449.965568;0.168;0.168;11968.360134;21374.107676;5689.393443;14719.718579;5562.724044
2016-04-11;47574.294217;20655.35575;9254.458028;0.168;0.168;11898.911895;21420.9226;5689.393443;14719.718579;5562.724044
2016-04-18;45024.88387;15651.43542;7473.427783;0.168;0.168;11624.101379;18051.904462;5689.393443;14719.718579;5562.724044
2016-05-02;41107.019919;8718.088456;8512.832759;0.168;0.168;11325.005282;17973.966767;5689.393443;14719.718579;5562.724044
2016-05-09;39400.918144;7661.493518;9423.811004;0.168;0.168;15136.307595;17327.014157;5689.393443;14719.718579;5562.724044
2016-06-06;39788.64524;10726.108409;7413.645922;0.168;0.168;16184.848185;15120.174329;5689.393443;14719.718579;5562.724044
2016-06-27;37524.753127;9798.025349;7222.830563;0.168;0.168;16001.129899;14288.577382;5689.393443;14719.718579;5562.724044
2016-07-04;38395.750387;9342.726123;7048.090268;0.168;0.168;16053.791263;13100.332661;5689.393443;14719.718579;5562.724044
2016-08-08;32401.320265;4787.810559;4327.146663;0.168;0.168;12162.985629;10665.782253;5689.393443;14719.718579;5562.724044
2016-08-29;36074.002589;21165.556649;6894.55168;0.168;0.168;16596.339652;13224.300672;5689.393443;14719.718579;5562.724044
2016-09-19;38172.104407;10192.65298;8243.466815;0.168;0.168;15458.837147;16226.645495;5689.393443;14719.718579;5562.724044
2016-10-10;51446.181272;10632.390903;9935.171836;0.168;0.168;12343.806688;18984.802977;5689.393443;14719.718579;5562.724044
2016-10-31;47232.28764;9843.835025;9086.234651;0.168;0.168;12059.452364;16720.948325;5689.393443;14719.718579;5562.724044
2016-11-28;50938.213482;12856.170935;10788.540526;0.168;0.168;13124.353766;18820.645617;5689.393443;14719.718579;5562.724044
2016-12-05;52251.033332;14043.463328;11138.542469;0.168;0.168;12693.092984;19540.305204;5689.393443;14719.718579;5562.724044
2016-12-12;49523.013852;12752.224933;11243.508295;0.168;0.168;12956.825867;18894.050023;5689.393443;14719.718579;5562.724044
2017-01-02;53069.25;12749.416667;10117.916667;76.529727;9.711545;12577.083333;19452.778346;142.249081;361.080309;146.343811
2017-01-09;52514.333333;13285.166667;10926.083333;195.314636;24.557061;13632.583333;20340.116664;362.918568;921.95514;373.276496
2017-01-30;49109.5;12402.166667;11274.75;551.669364;69.093606;13453.5;19752.622875;1024.92703;2604.579635;1054.074552
2017-02-20;48221.416667;12347.0;10752.5;908.024091;113.630152;12964.916667;19163.803512;1686.935493;4287.20413;1734.872608
2017-02-27;54208.833333;10816.083333;10252.333333;1026.809;128.475667;12683.166667;18192.423889;1907.60498;4848.078962;1961.805293
2017-03-06;49049.833333;12400.916667;10377.583333;1145.593909;143.321182;12634.666667;18066.759604;2128.274468;5408.953793;2188.737978
2017-03-13;42944.416667;10678.083333;9931.0;1264.378818;158.166697;12360.5;16942.055413;2348.943955;5969.828625;2415.670664
2017-03-20;44406.75;9882.916667;9982.5;1374.579188;171.938457;12401.666667;17062.859265;2553.665279;6490.170888;2626.202192
2017-04-10;38621.083333;12042.583333;6918.416667;1738.811402;217.460391;10638.583333;12840.99881;3230.308396;8209.989411;3322.050615
2017-04-17;44179.583333;11568.833333;8480.083333;1857.596311;232.305907;11929.833333;15946.638739;3450.977883;8770.864242;3548.9833
2017-04-24;44611.75;11711.083333;9690.666667;1976.38122;247.151422;12609.916667;16904.144036;3671.647371;9331.739074;3775.915986
2017-06-19;40026.583333;22381.333333;6502.916667;2926.660492;365.915543;16680.666667;13380.683614;5437.00327;13818.737727;5591.377468
2017-07-24;33270.333333;6596.583333;4904.5;3520.585038;440.143119;14845.083333;8516.539033;6540.350708;16623.111885;6726.040894
2017-07-31;32602.75;4173.0;5137.583333;3639.369947;454.988634;14532.5;8211.215471;6761.020195;17183.986717;6952.97358
2017-08-28;36118.083333;14614.833333;5857.5;4114.509583;514.370694;15685.833333;11086.64762;7643.698145;19427.486044;7860.704321
2017-09-04;36501.0;16263.583333;7746.333333;4233.294492;529.21621;16057.0;13177.517515;7864.367632;19988.360875;8087.637006
2017-10-09;42022.666667;9249.5;9221.916667;4827.219038;603.443785;16654.083333;13236.37294;8967.715069;22792.735033;9222.300433
2017-10-16;44532.666667;9200.5;9272.583333;4946.003947;618.289301;17205.333333;17380.112981;9188.384557;23353.609865;9449.233118
2017-10-23;45202.666667;9700.166667;10473.833333;5095.29204;636.947921;17896.666667;17248.439433;9465.720982;24058.512026;9734.441443
2017-11-06;53641.0;11111.583333;9846.416667;5303.065727;662.914212;14555.583333;19037.432255;9851.706528;25039.572901;10131.381964
2017-11-27;57869.75;13483.333333;10423.666667;5659.420455;707.450758;13082.166667;19687.139587;10513.71499;26722.197396;10812.18002
2017-12-04;58968.5;14251.0;11270.666667;5778.205364;722.296273;13466.916667;21542.322668;10734.384478;27283.072227;11039.112705
2017-12-25;35399.083333;9051.083333;4777.666667;6134.560091;766.832818;10748.25;14597.470916;11396.39294;28965.696722;11719.910761
2018-01-01;37126.25;11507.75;4800.583333;6253.345;781.678333;4650.222277;13838.734861;5129.755611;10425.573747;4538.138971
2018-01-29;54425.083333;14102.166667;9808.333333;8537.924515;839.21997;14707.830052;20432.683805;6653.85618;11217.733705;5838.308425
2018-02-12;54140.5;14344.916667;9777.0;11315.833333;889.666667;13763.602977;22604.622153;8213.639708;11613.813684;7499.987287
2018-02-19;49371.333333;14498.0;9264.916667;10466.166667;900.416667;13109.490807;20415.032571;7722.557673;11811.853674;7427.761539
2018-03-05;47039.583333;13938.916667;9539.583333;9968.083333;907.166667;14888.693377;20603.340286;7688.377611;12207.933653;7225.857745
2018-04-09;41061.666667;13501.25;8431.666667;10558.25;901.083333;17782.331916;17351.581417;6087.383525;17839.169506;7049.008337
2015-01-12;3427.079502;748.702841;675.654723;0.168;0.168;943.065405;1325.79318;5508.252055;14745.739726;5687.183562
2018-05-21;37106.916667;12854.083333;6680.5;7920.583333;888.416667;17090.841907;13458.522259;5326.449903;15083.936213;5764.495879
2015-03-30;21614.040484;4719.950462;4259.219798;0.168;0.168;5945.672243;8360.262371;5508.252055;14745.739726;5687.183562
2018-05-28;37851.25;13794.25;7527.25;8623.0;893.416667;17136.428897;12940.613299;5385.410509;15713.283964;5531.749271
2015-04-20;26576.806231;5803.604387;5237.084876;0.168;0.168;7310.758246;10279.792676;5508.252055;14745.739726;5687.183562
2018-06-11;37001.916667;8597.333333;6588.5;8372.083333;873.333333;17062.109877;10792.767631;6128.485049;16690.051993;6059.792057
2015-05-04;29885.316729;6526.040338;5888.994927;0.168;0.168;8220.815581;11559.479546;5508.252055;14745.739726;5687.183562
2018-06-18;37586.333333;16776.333333;6546.5;8498.166667;896.5;17231.445458;12334.699135;5395.322727;15948.767787;5559.049913
2015-06-01;36502.337726;7970.912239;7192.815031;0.168;0.168;10040.930251;14118.853285;5508.252055;14745.739726;5687.183562
2018-07-09;36595.5;18562.75;6151.416667;6783.25;884.916667;15216.098788;10099.433847;4644.130423;14307.002877;4171.209711
2015-06-08;38156.592975;8332.130214;7518.770057;0.168;0.168;10495.958918;14758.69672;5508.252055;14745.739726;5687.183562
2018-08-13;34013.5;2315.166667;5441.583333;4746.5;927.416667;13344.499599;9150.700927;5094.281834;11972.211618;2906.654367
2015-06-15;39810.848224;8693.348189;7844.725082;0.168;0.168;10950.987586;15398.540155;5508.252055;14745.739726;5687.183562
2018-09-03;34797.833333;10562.25;7059.583333;8326.833333;901.833333;13992.236577;13621.231502;5438.047804;14716.106128;5475.160916
2015-08-31;58007.655964;12666.745917;11430.230366;0.168;0.168;15956.302928;22436.817938;5508.252055;14745.739726;5687.183562
2018-09-17;36765.5;11716.416667;8393.75;8947.0;905.833333;14118.692441;14988.240113;5862.136919;15706.662116;6033.787332
2015-09-14;61316.166462;13389.181867;12082.140418;0.168;0.168;16866.360263;23716.504808;5508.252055;14745.739726;5687.183562
2018-09-24;35849.75;12528.0;8255.583333;8974.75;869.0;14075.201405;15329.804041;6331.258265;16184.070189;6789.997821
2015-11-16;76214.310461;16642.293751;15017.675859;0.168;0.168;20964.326774;29478.904314;5508.252055;14745.739726;5687.183562
2018-10-01;36891.666667;13112.0;9394.833333;9366.833333;922.416667;14448.193806;16162.42363;6647.936535;16938.053831;7248.320298
2016-02-08;51275.007065;14822.227825;11215.268317;0.168;0.168;11856.561252;22749.437736;5689.393443;14719.718579;5562.724044
2018-10-08;39451.583333;12577.75;10241.666667;9182.75;819.166667;15225.093922;16732.44974;6131.732155;16045.64634;6753.712158
2016-02-22;50017.650051;14383.276709;7445.709159;0.168;0.168;11431.691412;17962.720724;5689.393443;14719.718579;5562.724044
2018-10-15;38384.833333;12261.416667;10708.5;9337.416667;823.916667;14912.884174;17082.797458;6186.847504;15908.401723;6755.353653
2016-02-29;52328.544567;14534.25631;8723.89401;0.168;0.168;12107.427037;22345.713503;5689.393443;14719.718579;5562.724044
2018-11-05;45376.416667;14493.916667;10911.75;10694.166667;884.333333;15303.168191;20173.018257;7550.631963;17344.345064;7600.37762
2016-03-07;53143.651697;14326.713998;10018.849064;0.168;0.168;12051.357171;22502.3735;5689.393443;14719.718579;5562.724044
2018-11-26;50667.583333;14799.833333;12306.333333;10849.5;898.25;13463.2703;20029.884315;8392.657781;18064.130939;8257.407298
2016-03-14;51007.178826;13919.584871;9311.893798;0.168;0.168;12153.612247;21836.415949;5689.393443;14719.718579;5562.724044
2018-12-10;51705.916667;15646.166667;11715.0;12004.5;929.416667;13155.427122;20836.654466;7434.419753;17329.559292;8424.753318
2016-03-21;49319.19434;14137.530526;9306.854049;0.167;0.167;11922.430563;21511.675554;5655.528005;14632.101207;5529.612591
2019-01-14;48882.666667;15438.806446;10869.434158;11723.666667;944.916667;12480.829139;19942.201664;6876.361193;15235.499489;7598.177565
2016-03-28;48079.527322;13221.861538;8438.713678;0.168;0.168;11848.892121;20454.373135;5689.393443;14719.718579;5562.724044
2019-02-04;51349.25;14938.988667;10751.385541;11742.666667;845.25;10952.372077;21920.427735;7398.426358;15534.82168;8250.558047
2016-04-25;44635.960349;11048.69945;7038.010768;0.168;0.168;11222.750207;16374.587629;5689.393443;14719.718579;5562.724044
2019-02-18;47079.916667;11630.812316;9175.048747;9782.833333;856.083333;10541.52323;20242.921324;6328.978056;15166.111163;7372.16544
2016-05-16;39054.638621;9063.584336;8386.839011;0.168;0.168;11061.016762;15087.307986;5689.393443;14719.718579;5562.724044
2019-03-18;41794.5;10791.281263;8852.956972;9496.666667;908.583333;12325.551057;19329.946316;6000.445186;15138.474881;7058.202507
2016-05-23;40565.637694;11978.793241;8007.119922;0.168;0.168;13621.14301;15902.340993;5689.393443;14719.718579;5562.724044
2019-04-29;36812.333333;9830.060609;8355.860276;3712.666667;840.083333;11298.985645;14776.3983;5091.487079;12379.948786;5191.414428
2016-05-30;40532.479635;12730.806286;7874.087902;0.168;0.168;15223.309622;15505.329514;5689.393443;14719.718579;5562.724044
2019-06-03;34860.083333;10204.62714;9425.105016;8207.666667;812.416667;11702.725788;13502.236071;5579.90938;13238.374216;6702.023185
2016-06-13;37372.465341;10885.480623;7652.165121;0.168;0.168;15133.325155;16287.583357;5689.393443;14719.718579;5562.724044
2019-06-17;36093.25;10064.790099;8081.677283;8713.083333;862.166667;13063.914181;13948.759203;4796.339603;13305.466604;5619.413092
2016-07-18;37742.929737;6856.939222;6431.502933;0.168;0.168;16395.578854;13069.297069;5689.393443;14719.718579;5562.724044
2019-07-08;34652.0;13397.98278;6928.075173;6406.583333;833.666667;12002.404778;13338.207166;3700.800916;12101.970309;4754.663587
2016-07-25;34251.933066;9017.949506;4599.206266;0.168;0.168;15526.410709;11749.238261;5689.393443;14719.718579;5562.724044
2019-07-22;36174.773563;7223.019889;7081.281658;5331.328736;858.250575;12668.977964;10951.781888;3762.937227;11627.904715;3819.126773
2016-08-15;33623.810042;8783.743164;6572.615931;0.168;0.168;15257.13901;11214.658904;5689.393443;14719.718579;5562.724044
2019-08-05;31544.833333;9034.710939;5774.214563;3856.75;815.333333;11054.891583;9744.98622;3310.989971;10575.512173;3463.03089
2016-09-05;37603.375329;19584.510855;7298.426812;0.168;0.168;16803.576606;15087.6567;5689.393443;14719.718579;5562.724044
2019-09-09;36087.5;14468.172868;8205.499081;8229.0;816.916667;13059.717477;15728.975302;5399.25063;14568.827338;5352.55747
2016-09-26;38125.529299;9956.873024;8567.227301;0.168;0.168;14518.77215;16918.320742;5689.393443;14719.718579;5562.724044
2019-09-16;37648.166667;14349.79051;8361.116455;7972.25;859.333333;12694.518501;16613.334675;5977.186981;14751.651971;5355.474863
2016-10-03;42914.817804;9958.708908;8440.7122;0.168;0.168;11780.04037;17363.890718;5689.393443;14719.718579;5562.724044
2019-11-25;50235.0;13009.169661;10257.132352;11148.583333;749.666667;14074.806185;20567.657677;7490.686764;17980.675134;6379.479685
2016-10-24;47318.088391;10402.730561;8135.112191;0.169;0.169;12262.599115;15824.054584;5723.25888;14807.335952;5595.835496
2019-12-02;55727.416667;13947.323361;9476.805098;11699.166295;721.083333;14046.199989;20518.51756;7833.981044;17597.763737;6202.290984
2016-11-14;41746.508979;10971.155208;10990.651876;0.168;0.168;12895.728459;18868.070792;5689.393443;14719.718579;5562.724044
2019-12-23;37936.083333;7670.684982;6675.089231;6254.75;769.75;11063.798875;13241.203572;4681.765051;12077.480311;4868.270289
2016-11-21;45833.239745;10822.885722;10952.506183;0.168;0.168;12917.713301;18800.856068;5689.393443;14719.718579;5562.724044
2020-01-27;53549.25;13042.333333;9112.583333;11896.0;847.5;13535.425603;19720.052538;7654.916667;16982.032884;6505.583333
2016-12-19;37393.317316;7980.063099;6684.880705;0.168;0.168;10831.965392;11791.607074;5689.393443;14719.718579;5562.724044
2020-03-09;46505.25;12012.666667;8018.75;10311.166667;987.5;13723.051652;18287.895353;6889.666667;16340.424782;6521.25
2017-01-16;54803.916667;14442.416667;10613.0;314.099545;39.402576;13516.083333;22040.119376;583.588055;1482.829972;600.209181
2020-03-16;37286.083333;6219.75;4097.083333;6109.416667;972.75;9476.832111;10952.8997;5288.666667;12712.158184;4670.666667
2017-02-06;45390.666667;13610.25;10043.583333;670.454273;83.939121;13246.083333;19726.730022;1245.596518;3165.454467;1281.007237
2020-03-30;34997.333333;6598.833333;3737.666667;5206.0;974.166667;7742.621531;10057.180484;5426.5;12353.762566;4684.583333
2017-02-13;40056.583333;13149.75;8108.833333;789.239182;98.784636;11772.166667;13829.787621;1466.266005;3726.329298;1507.939922
2020-05-04;30583.25;6128.416667;4064.666667;4078.75;888.0;7574.135742;8960.054955;4203.083333;12372.133105;4439.5
2017-03-27;42307.916667;9316.75;9874.583333;1501.241583;187.769361;12356.5;17287.146154;2788.969421;7088.239748;2868.185244
2020-05-18;28806.128736;8473.493103;3874.082184;4535.999425;749.996552;7709.403841;8696.34183;3602.238506;3859.682608;4273.832184
2017-05-01;43075.166667;10813.083333;9159.583333;2095.166129;261.996937;13926.583333;15475.795341;3892.316858;9892.613906;4002.848671
2020-06-08;29871.916667;8041.916667;4280.583333;4803.333333;1010.166667;8590.286153;9439.23695;3918.0;13248.305781;3954.75
2017-05-08;39936.0;10658.916667;8296.083333;2213.951038;276.842452;13605.166667;14894.045699;4112.986346;10453.488737;4229.781356
2020-06-22;33430.583333;10725.166667;4537.916667;4597.583333;963.083333;8938.673223;9766.101209;3534.416667;13355.807456;3287.666667
2017-05-15;39714.083333;11475.833333;8961.5;2332.735947;291.687967;15481.166667;15583.431839;4333.655833;11014.363569;4456.714042
2020-07-20;30520.583333;6704.5;4391.75;2831.583333;897.0;8215.806531;8332.091625;3388.333333;12621.836364;2875.833333
2017-05-22;38591.0;12488.083333;7307.166667;2451.520856;306.533482;15751.083333;12172.291604;4554.325321;11575.238401;4683.646727
2020-08-17;30930.0;9283.833333;4264.333333;2773.166667;893.333333;6697.460321;9341.312392;3293.583333;11678.730288;2752.083333
2017-05-29;38401.583333;13575.5;7624.75;2570.305765;321.378997;16028.166667;13150.033976;4774.994808;12136.113232;4910.579412
2020-10-26;38422.0;10204.168966;5858.666092;5757.832184;819.667241;9013.403405;14849.67577;5413.998276;15047.938847;4462.917241
2017-06-12;37948.75;10327.833333;6883.083333;2807.875583;351.070028;16320.416667;12376.694904;5216.333783;13257.862896;5364.444783
2020-12-14;47160.0;11123.583333;7304.666667;8158.916667;1202.5;10811.757979;16201.757048;5095.333333;16238.36623;5548.833333
2017-07-03;37738.5;15915.166667;6344.083333;3164.230311;395.606573;16443.333333;9681.363889;5878.342245;14940.487391;6045.242839
2021-01-18;54437.416667;13308.623109;8284.333333;8623.25;1342.0;10401.86221;15669.839611;5409.598517;14684.5;6706.75
2017-07-17;35486.5;11348.25;5779.5;3401.800129;425.297604;15643.166667;9024.233351;6319.68122;16062.237054;6499.108209
2021-02-15;54816.166667;12757.324327;7107.333333;7959.0;853.833333;10551.528676;15156.713015;5632.174406;15479.916667;4593.166667
2017-08-07;31171.083333;3660.916667;5907.75;3758.154856;469.834149;14651.833333;9211.492578;6981.689682;17744.861549;7179.906265
2021-03-08;47297.583333;13590.777118;7683.916667;8761.333333;851.916667;10246.96984;16639.99832;5505.060531;14924.5;4523.333333
2017-08-14;31686.75;3698.0;5181.166667;3876.939765;484.679664;14331.333333;9307.72915;7202.35917;18305.73638;7406.83895
2021-03-29;40881.25;13764.807989;8057.583333;7596.916667;742.166667;10138.168231;14745.409193;4993.313237;14226.833333;4303.75
2017-08-21;34549.833333;8013.0;5797.0;3995.724674;499.525179;15058.583333;9308.436123;7423.028657;18866.611212;7633.771636
2021-05-10;40434.583333;10548.855353;6683.416667;7454.583333;717.5;9089.646264;14138.06727;4823.406046;13815.333333;4985.0
2017-09-11;40561.583333;11107.583333;7931.0;4352.079402;544.061725;16761.083333;14528.187654;8085.03712;20549.235707;8314.569692
2021-05-24;40405.916667;11206.554196;7184.166667;7461.166667;733.25;9775.696097;14244.655151;5894.505033;13964.416667;5565.666667
2017-09-25;38962.416667;8531.166667;8594.0;4589.64922;573.752755;16032.666667;0.0;8526.376095;21670.98537;8768.435062
2021-06-07;37742.25;10513.446102;6395.583333;6535.416667;715.416667;9921.935741;12713.885989;4678.145103;13352.083333;5107.0
2017-11-13;54847.833333;13198.25;10411.416667;5421.850636;677.759727;13238.166667;18745.364419;10072.376016;25600.447732;10358.314649
2021-06-14;39722.25;0.0;6500.583333;6783.166667;728.166667;0.0;13677.106036;4471.099728;13617.5;3375.25
2018-01-15;53112.833333;14013.5;9927.5;6490.914818;811.369364;0.0;19718.185271;5324.638018;10821.653726;4710.544689
2021-07-19;38710.583333;4824.101261;5309.833333;3819.666667;733.416667;10244.999417;10535.647703;4254.769806;13131.0;2690.166667
2018-01-22;50708.75;13463.5;10038.916667;6609.699727;826.214879;5803.60805;19170.913358;5422.079221;11019.693716;4796.747548
2021-08-02;29821.583333;4058.279278;4245.75;2889.833333;721.333333;9270.668154;9737.785168;4154.66552;12308.25;2310.333333
2018-02-05;60097.666667;14000.083333;9049.5;12037.166667;900.75;12966.791302;23380.356248;8076.834012;11415.773695;7247.629143
2021-08-09;28824.75;4033.811572;3725.583333;2993.666667;730.0;9119.63096;9814.444844;4057.937431;12344.166667;2308.833333
2018-02-26;48891.166667;15137.166667;6976.166667;10776.0;918.916667;12392.849355;19885.997478;7313.422335;12009.893663;5707.216369
2021-08-16;28793.416667;2739.607744;4382.75;2947.166667;733.333333;8842.743714;8584.964091;4472.703422;12734.083333;2348.666667
2018-03-12;45261.166667;13644.083333;9254.75;9551.0;882.166667;16094.652651;20799.344275;6996.060463;12405.973642;7085.121211
2021-09-06;37965.666667;9776.657982;6653.0;6734.166667;776.666667;11209.221554;15286.541233;4755.544455;14471.25;5639.5
2018-04-23;35827.666667;15486.25;5166.416667;6001.833333;846.666667;16582.573171;12748.457447;4584.229865;14869.950721;5510.755424
2021-09-27;37720.083333;10766.480095;7698.666667;8598.5;762.5;11151.136915;16931.505724;5456.358867;15261.083333;6155.916667
2018-04-30;39378.0;13255.0;6775.25;8404.5;900.666667;14483.737685;14718.954223;6248.713416;17836.448199;6134.26406
2021-10-11;44800.25;11280.646547;8750.5;9083.666667;781.666667;11529.286761;18229.871506;6190.091215;16421.0;6805.666667
2018-06-04;35939.0;11895.416667;7433.75;7929.333333;865.25;16895.830896;10988.520654;5779.079369;16278.318144;5617.884523
2021-11-01;45540.166667;10777.507793;5826.583333;8055.333333;822.0;9848.430401;15640.663791;5578.830469;14732.916667;5214.666667
2018-06-25;38577.0;18171.333333;6657.416667;8377.0;913.166667;15746.811693;12001.082444;5704.652285;15415.028645;5277.058477
2021-11-08;49545.083333;11021.840243;7560.75;10157.75;837.583333;10551.443005;18215.492592;5733.375957;15909.916667;5680.666667
2018-08-20;33228.916667;2250.083333;5766.75;5805.583333;903.166667;14016.689368;10731.36476;5025.23811;13566.353643;3662.864856
2021-11-22;52903.083333;11142.197236;7286.25;9357.583333;989.833333;10460.889225;18542.362092;5784.018935;16221.25;5277.916667
2018-10-22;39181.833333;13138.083333;11193.666667;8296.083333;883.333333;15047.025201;18328.255153;7161.748312;17268.057739;7107.583764
2021-12-06;55653.0;13096.081447;9479.0;11209.583333;919.25;11307.571355;20706.97385;6409.459715;17360.083333;6686.5
2018-10-29;41736.833333;12743.166667;8070.666667;7798.833333;898.333333;12183.86532;14790.312056;6264.778045;14933.901451;5588.164837
2022-01-03;54680.666667;12019.416667;8733.583333;9958.5;966.583333;10466.75;18827.144762;6153.5;15588.083333;5925.083333
2018-11-19;49055.166667;15725.166667;11273.75;11759.583333;907.666667;13705.003609;20411.4354;8635.678019;18132.889313;7650.659181
2022-01-24;57885.166667;12699.666667;8676.25;10223.083333;1024.75;11435.583333;19550.017164;6699.75;16291.75;5497.416667
2018-12-03;48569.833333;14759.25;12479.166667;11012.833333;873.166667;15355.654362;19968.89972;8306.524026;17814.768448;8624.756435
2022-01-31;56188.75;11113.083333;9366.0;10309.166667;993.75;11414.166667;19680.535792;6429.416667;16176.5;5711.333333
2019-01-07;50042.5;15248.597542;10445.751639;11910.25;915.166667;12328.719997;20858.583295;7209.700187;15596.046673;7689.5606
2022-02-07;54795.833333;11985.333333;8971.25;10730.666667;964.833333;11386.833333;19926.094877;6056.083333;16196.083333;5957.333333
2019-01-28;52268.916667;15476.28854;10230.506787;12183.333333;859.333333;11145.420504;21215.597402;7130.484973;15985.420625;7657.726698
2022-02-14;53321.833333;11186.083333;9137.916667;9848.416667;946.0;11349.25;19366.036098;6749.25;15867.083333;5576.833333
2019-02-11;50444.916667;13532.816555;10788.092629;10224.25;837.416667;10948.860549;21084.953404;6946.736573;15486.777067;7417.041804
2022-03-07;49603.75;11485.583333;8281.333333;9217.0;975.5;9801.416667;19040.827183;5712.166667;15073.25;5382.166667
2019-03-11;44505.333333;11240.981584;9002.284165;10306.333333;971.0;10667.681319;20505.912632;6606.274217;15788.225125;7491.95015
2022-04-04;46288.243874;8764.643666;6469.69325;8127.57975;952.973417;6826.586916;16885.418381;4856.153375;14133.899792;4399.179958
2019-03-25;41019.333333;10678.834983;9900.142992;9359.916667;832.5;12307.479531;18968.588764;6060.435906;14729.287842;6930.781092
2022-04-11;46933.75;10372.333333;7727.833333;8455.75;981.666667;10719.666667;17978.77368;5366.916667;14668.333333;5390.416667
2019-04-15;40672.666667;10642.200901;10406.804212;9114.583333;901.416667;11439.446789;19042.001493;6016.408382;15122.403321;6314.43899
2022-05-09;38487.916667;10460.083333;7404.083333;7190.166667;942.75;10183.916667;14835.95205;5287.5;13666.166667;4829.416667
2019-05-13;39174.416667;10319.702255;10126.158703;9316.25;873.333333;12678.588152;18521.980467;5883.467573;14190.33783;6422.983158
2022-06-20;39673.416667;13188.833333;6705.25;7672.416667;804.0;11534.166667;14206.78533;4014.666667;13250.083333;4691.5
2019-05-20;35367.92069;9684.033087;8608.157477;8773.164943;856.999425;10142.236734;16516.161924;5030.981418;13572.81281;6460.908671
2022-06-27;33898.166667;10297.0;6706.75;6782.083333;799.583333;11470.583333;12729.41486;4261.583333;13274.0;4664.75
2019-06-10;32847.416667;8787.600486;8864.244833;7892.416667;839.833333;11882.156335;12755.930102;4814.70586;12911.330709;6324.220836
2022-07-18;35735.833333;13063.416667;5929.916667;4360.583333;889.083333;11608.333333;10869.357078;3214.583333;13033.833333;2991.416667
2019-06-24;38656.25;11395.489218;8991.427139;8929.583333;882.583333;13957.812329;15128.898632;4424.208326;12903.847654;5037.908091
2022-09-05;36482.25;12175.0;6577.916667;6544.833333;879.666667;12216.416667;15177.559459;3930.333333;12446.5;4699.0
2019-07-01;35924.083333;14898.453733;7466.101135;7322.333333;884.25;13017.921721;14732.623192;4355.206124;12531.39561;5069.913605
2022-09-26;36636.666667;11897.416667;6332.166667;7145.166667;838.583333;13585.166667;17142.450471;4881.333333;13069.083333;5647.416667
2019-09-30;37940.333333;12075.763773;7719.517911;8980.333333;844.416667;13089.69394;18016.267259;6902.194107;16246.732298;5625.848517
2022-11-07;41312.166667;9448.104167;8401.520833;7495.0;825.166667;13876.041667;15988.490101;5356.729167;13701.479167;5446.729167
2019-10-07;41498.333333;11681.438582;8555.853591;9652.75;960.583333;13572.657594;19568.409938;7040.026863;16981.177116;6001.848948
2022-12-05;51803.541667;11630.270833;9101.375;8969.958333;891.916667;14892.395833;21323.229858;6099.520833;15055.9375;6681.333333
2019-10-21;36319.0;12872.809466;10294.442608;7739.0;870.75;13793.19872;17673.305472;7000.29052;17314.683261;5690.288573
2023-01-02;38333.5;10719.291667;11660.479167;7390.166667;746.166667;13806.979167;17738.4375;5071.020833;14188.4375;5664.5
2019-10-28;38247.083333;10205.814356;7317.37711;7143.5;837.25;13034.965482;15424.678688;5680.237208;14452.839989;4699.74796
2023-01-23;52923.708333;12052.708333;9871.229167;10194.4375;742.875;16287.5625;20438.5625;5724.833333;15384.020833;5658.958333
2019-11-18;45653.416667;13197.004134;9614.758306;9194.833333;751.583333;13980.337501;20744.887247;7215.107076;18074.978631;5270.012419
2023-02-06;51183.833333;11307.75;11633.25;10200.25;694.291667;15374.4375;20466.354167;4695.270833;14470.8125;5416.541667
2019-12-09;54065.75;10213.214042;4994.167426;7181.437779;719.75;9237.418652;11933.35804;4238.614909;11914.256243;3632.668693
2023-03-06;49846.0;11793.625;9763.145833;8853.458333;852.458333;13692.291667;17469.166667;4399.583333;14379.5625;5520.5625
2019-12-16;44850.916667;8077.285397;4907.354279;6425.812593;734.416667;9064.839825;12791.40146;3719.810915;11742.911254;3632.668693
2023-04-10;42213.708333;10634.5;8652.25;7344.291667;665.208333;13986.541667;15534.083333;4286.208333;13769.625;5151.291667
2019-12-30;37787.583333;8121.606329;4598.230247;4299.083333;695.333333;11374.783788;13218.52773;4862.070298;12214.349392;4280.741302
2023-04-24;36078.5;8984.5;7062.708333;6425.0;623.833333;13512.333333;13985.958333;3856.875;12537.0;4001.833333
2020-01-06;47741.583333;13018.0;8916.416667;10834.333333;869.916667;13630.526089;19862.266277;7436.166667;17308.195009;6127.666667
2023-05-01;33046.416667;6588.166667;6485.958333;4077.166667;577.208333;12257.166667;11580.916667;3006.291667;11879.958333;3405.5
2020-01-13;46727.0;12624.25;8720.5;11091.416667;1014.0;13619.282259;19086.53201;7683.666667;16253.16472;5867.916667
2023-05-08;34644.666667;7740.291667;7595.541667;6371.041667;526.416667;12642.416667;13989.166667;3468.25;12301.041667;4796.833333
2020-02-03;50046.333333;12786.083333;9268.166667;10969.083333;819.583333;12793.418651;19324.312708;7418.0;16887.203479;6711.5
2023-05-15;33814.791667;7142.458333;7239.0;5735.5;503.041667;12419.416667;12788.083333;3391.5;12169.666667;4073.041667
2020-02-17;48437.916667;12960.333333;6483.416667;8669.083333;712.666667;12241.011856;15031.29335;6418.416667;15282.247688;5400.833333
2023-06-12;33976.583333;12000.0;7910.75;6512.833333;498.958333;13217.291667;13250.0;2934.125;11980.333333;4746.5
2020-03-23;34884.833333;6456.25;3765.666667;5424.833333;996.583333;7763.306745;10130.602853;5338.0;12398.753378;4678.0
2023-06-19;33230.416667;14097.458333;8102.583333;6187.875;506.041667;13008.833333;15278.75;2699.541667;11561.833333;4490.833333
2020-04-13;33451.083333;4847.083333;3929.166667;4215.833333;866.416667;7204.119319;8838.386007;4929.0;12678.393812;4207.666667
2023-07-31;24273.333333;6482.791667;3558.625;3145.25;488.75;10659.041667;8302.125;2117.875;10439.166667;2379.625
2020-04-27;30953.25;4980.0;3885.0;4312.333333;836.25;7230.641025;8985.483344;4944.583333;12358.440249;4420.75
2023-08-28;20887.416667;9345.791667;5485.666667;3790.666667;506.5;11407.375;12543.166667;2496.541667;11624.75;3329.375
2020-06-01;28985.083333;7592.166667;4040.833333;4793.916667;961.333333;8197.610409;9017.395131;3822.916667;13145.736935;3713.333333
2023-09-04;22882.666667;12661.875;6189.041667;5621.5;570.541667;12758.166667;14896.458333;2725.875;12246.291667;4460.666667
2020-07-27;32292.083333;5063.25;3938.5;2638.416667;892.833333;7798.411527;7572.523751;3351.916667;11382.675436;2592.916667
2023-10-23;27318.75;12193.875;9476.916667;7114.625;853.125;13202.791667;17805.208333;4418.666667;12076.833333;5431.666667
2020-08-31;33283.666667;12333.75;5618.916667;3857.416667;949.666667;9461.125081;12346.914302;4111.416667;13466.96623;4731.5
2023-11-13;30854.958333;11151.666667;10527.083333;8572.666667;829.041667;12627.791667;18079.583333;4550.75;12522.916667;5637.25
2020-09-07;34708.735632;13269.098851;5778.417816;4274.583333;1088.082759;10555.469094;13072.80161;4215.083333;13682.395998;4344.084483
2023-11-20;31488.416667;9572.458333;9837.5;8797.375;784.25;13578.666667;18538.958333;4634.333333;12816.625;5569.791667
2020-09-21;35241.666667;12991.083333;7220.5;5493.75;809.75;12754.623145;14841.843431;4874.0;14861.936548;4587.583333
2023-12-18;35172.625;11451.0;8332.375;8368.333333;912.666667;13147.208333;18660.416667;4822.083333;12888.125;5671.666667
2020-09-28;38601.666667;12540.25;8627.5;7128.25;878.583333;13043.701158;16015.506728;5928.666667;16825.883298;5558.583333
2024-01-08;41479.125;13482.541667;9397.875;10547.291667;902.958333;14065.5;21429.333333;5201.916667;13144.041667;5669.583333
2020-10-05;41610.75;13141.666667;9345.833333;8140.5;1061.0;12115.527279;17604.781046;6578.5;16791.608634;6076.333333
2020-11-16;35059.166667;5247.75;5054.0;5974.25;884.166667;8449.180377;12543.268618;3914.083333;14222.114471;4060.416667
2020-12-21;38678.5;8023.416667;4546.75;5620.083333;843.666667;9590.815365;13076.759589;4497.166667;12845.174497;5085.333333
2020-12-28;38580.416667;8309.563726;4407.583333;6325.416667;850.0;9417.027847;13486.684908;4312.225215;12477.522524;4466.75
2021-01-04;52687.916667;14038.517922;8799.583333;9877.333333;1059.916667;9864.964819;17776.517721;5167.018652;17020.666667;6603.333333
2021-03-01;44771.25;12030.788521;7587.75;8479.666667;890.083333;10190.512942;15586.074077;5514.598292;15055.083333;4549.166667
2021-03-22;46244.583333;13280.881554;7970.166667;8127.583333;848.25;10376.675066;16471.965661;5423.862956;15360.583333;4482.833333
2021-04-05;44926.833333;12428.13029;7498.333333;7465.583333;703.666667;9666.466135;14414.944964;5057.545414;14107.5;4186.833333
2021-04-19;40075.833333;12084.203936;5708.916667;7310.333333;734.083333;8783.117006;11113.312216;4860.797444;13494.25;5430.333333
2021-05-03;44599.5;12154.936285;7532.166667;8069.083333;713.916667;10333.325763;15426.735645;5495.52277;16341.166667;5389.333333
2021-05-17;42802.416667;11525.49592;6357.166667;7507.833333;706.666667;9420.591632;15598.948221;5675.389747;14652.166667;5478.75
2021-06-21;37413.666667;8676.645036;6947.25;5956.583333;692.166667;9118.774254;14685.385587;4694.604071;13764.583333;4145.0
2021-06-28;37077.166667;10215.956698;6448.25;4838.083333;719.916667;10871.679553;12668.659289;4556.770766;13832.0;4202.166667
2021-07-12;36849.416667;6726.723904;5778.416667;4409.666667;711.666667;10279.18197;10925.55035;4344.829902;13304.833333;3510.666667
2021-08-23;29630.285632;5559.167492;4890.916667;4370.081609;728.416667;8853.192568;9217.802354;4583.779772;13292.586207;3994.416092
2021-08-30;33117.297701;6889.553579;5355.75;4837.668391;761.0;9939.158477;12257.523817;4712.582911;13690.163793;4818.917241
2021-09-13;37656.0;10198.898227;7693.916667;7267.333333;752.75;11103.247073;16057.485103;4476.839265;14557.75;5747.916667
2021-09-20;36605.5;10600.97846;7670.75;7436.75;745.25;11162.959452;16328.678111;5189.639182;14676.25;5866.5
2021-11-29;55973.416667;13056.967578;9152.75;11846.083333;915.666667;11522.690128;21423.411604;6536.7424;17486.25;6913.833333
2021-12-13;55679.083333;12153.213207;10186.583333;10143.833333;926.416667;11496.98896;19764.402593;6539.865384;16889.166667;7148.75
2022-01-10;58682.083333;12559.666667;9319.5;10345.5;1040.666667;11217.583333;18908.802571;6344.5;15556.5;5954.583333
2022-02-28;47666.666667;10985.666667;6688.083333;8312.666667;945.166667;10627.333333;16210.329936;5354.25;14182.0;3952.166667
2022-03-28;47774.422792;10343.106334;8710.723417;9086.17025;936.359917;8332.413084;19269.078242;5723.013292;15386.850208;5499.070042
2022-04-18;42659.5;9423.666667;7556.25;7825.166667;982.25;10849.416667;15527.366115;4850.916667;13709.333333;4715.666667
2022-04-25;38328.333333;9874.583333;6555.083333;6562.583333;982.75;9704.25;12779.614332;4799.5;13734.0;3985.833333
2022-05-02;37824.25;9439.166667;6795.416667;4505.666667;977.083333;9347.333333;12949.288548;4830.166667;13426.166667;3558.5
2022-05-23;36351.916667;8237.333333;6285.916667;5895.416667;1044.083333;9850.25;12523.84802;4337.416667;12699.916667;4158.416667
2022-05-30;38002.333333;9124.583333;6982.0;7270.75;968.416667;10219.083333;13167.070592;4893.916667;13082.416667;4917.0
2022-08-15;35992.0;3100.416667;5377.833333;3577.5;941.333333;10985.916667;9012.980592;3204.416667;11986.833333;2962.75
2022-08-22;38224.0;12901.0;6479.416667;3961.666667;949.333333;11245.75;10883.747594;3327.333333;12487.416667;3557.833333
2022-09-19;35651.583333;12018.666667;6206.333333;7739.583333;791.583333;12749.0;16589.921613;4793.083333;12739.416667;5090.75
2022-10-10;36588.416667;11938.583333;9736.916667;7450.916667;841.083333;14267.458333;18275.996389;5100.041667;13579.541667;5052.416667
2022-10-17;35551.208333;11827.458333;8608.416667;7237.5;832.083333;13897.708333;17706.023214;4852.583333;13565.875;4834.833333
2022-10-24;34678.041667;9587.125;8431.166667;6576.916667;803.75;13789.166667;16576.953416;5000.708333;13803.416667;4692.5
2022-10-31;35719.354167;9331.5625;6480.125;5822.833333;751.166667;13109.895833;12654.722228;4508.020833;13320.6875;3847.333333
2022-11-14;45504.583333;10273.229167;9256.979167;8245.645833;871.75;14303.791667;17316.768139;6213.333333;14275.041667;6637.375
2022-11-21;48529.916667;10757.479167;9770.416667;8349.0625;762.666667;14390.125;18501.454769;6121.645833;14530.041667;6371.083333
2022-12-12;40524.1875;12083.229167;10258.604167;8722.979167;910.916667;15132.1875;21243.015284;6004.916667;15105.3125;6221.895833
2022-12-19;38485.333333;7422.208333;8303.104167;5162.9375;857.208333;11734.895833;12734.874052;4510.041667;12450.875;4627.208333
2023-01-16;48117.520833;11989.854167;9565.020833;9650.75;777.375;15865.041667;19439.25;5517.3125;14925.729167;5854.833333
2023-03-13;46012.75;11083.333333;9692.5;7769.25;815.0;13376.166667;17297.583333;4455.916667;14155.25;5167.5
2023-06-26;31209.166667;11178.708333;7681.333333;5135.416667;489.333333;12392.833333;14918.041667;2797.916667;12371.333333;4189.333333
2023-07-03;30419.166667;9225.416667;7050.208333;4696.958333;490.625;11483.625;13095.208333;2654.708333;12207.458333;3530.416667
2023-07-10;29955.0;12227.333333;6789.208333;4561.041667;498.958333;11169.125;11733.875;2689.75;12172.291667;3110.625
2023-07-24;25624.0;7663.875;3407.708333;3633.875;493.791667;10660.25;8414.416667;2140.083333;10573.0;2456.333333
2023-08-21;20563.791667;11884.125;4956.541667;3520.833333;547.583333;12126.125;10311.125;2262.791667;11231.625;3017.916667
2023-09-25;21926.416667;11954.083333;7024.0;6402.833333;545.708333;11479.208333;16293.208333;3335.541667;12246.25;4970.75
2023-10-09;22925.5;12074.375;7827.208333;6642.75;567.125;11681.083333;15484.041667;3597.958333;12297.916667;4905.458333
2023-10-30;27472.708333;11442.0;6968.083333;6137.041667;979.666667;12187.208333;14666.291667;3602.916667;11190.375;4351.416667
2023-11-27;34847.25;11405.416667;9611.916667;9765.75;856.083333;14611.791667;18994.791667;4664.833333;13002.916667;5785.583333
2023-12-04;35689.0;12900.541667;8956.583333;9694.75;840.833333;14270.0;20354.458333;4810.333333;12798.458333;5752.875
2023-12-11;35345.791667;12286.0;8951.458333;9122.291667;948.75;13729.875;19615.666667;4750.583333;12714.958333;5653.833333
2024-01-01;28770.208333;9152.291667;5520.416667;5433.208333;858.291667;11151.583333;13914.0;3659.708333;11678.625;3123.125
2024-01-22;38817.25;10486.166667;9559.5;8479.208333;939.75;11916.75;20060.375;4653.25;12491.541667;5528.458333
2024-01-29;35255.958333;10947.291667;9587.333333;9082.25;973.5;11788.291667;20100.416667;4373.708333;12660.625;5882.833333
2015-02-09;10044.100498;2193.574742;1979.474826;0.168;0.168;2763.180075;3885.166919;5508.252055;14745.739726;5687.183562
2015-02-16;11698.355747;2554.792717;2305.429852;0.168;0.168;3218.208742;4525.010354;5508.252055;14745.739726;5687.183562
2015-02-23;13352.610996;2916.010692;2631.384878;0.168;0.168;3673.23741;5164.853789;5508.252055;14745.739726;5687.183562
2015-03-09;16661.121494;3638.446643;3283.294929;0.168;0.168;4583.294745;6444.540659;5508.252055;14745.739726;5687.183562
2015-04-06;23268.295733;5081.168437;4585.174824;0.168;0.168;6400.700911;9000.105806;5508.252055;14745.739726;5687.183562
2015-04-13;24922.550982;5442.386412;4911.12985;0.168;0.168;6855.729578;9639.949241;5508.252055;14745.739726;5687.183562
2015-04-27;28231.06148;6164.822362;5563.039902;0.168;0.168;7765.786913;10919.636111;5508.252055;14745.739726;5687.183562
2015-05-11;31539.571979;6887.258313;6214.949953;0.168;0.168;8675.844248;12199.32298;5508.252055;14745.739726;5687.183562
2015-05-18;33193.827228;7248.476288;6540.904979;0.168;0.168;9130.872916;12839.166415;5508.252055;14745.739726;5687.183562
2015-07-06;44773.613971;9777.002115;8822.59016;0.168;0.168;12316.073588;17318.070459;5508.252055;14745.739726;5687.183562
2015-07-13;46427.86922;10138.22009;9148.545186;0.168;0.168;12771.102256;17957.913894;5508.252055;14745.739726;5687.183562
2015-08-10;53044.890216;11583.091991;10452.365289;0.168;0.168;14591.216926;20517.287634;5508.252055;14745.739726;5687.183562
2015-09-07;59661.911213;13027.963892;11756.185392;0.168;0.168;16411.331596;23076.661373;5508.252055;14745.739726;5687.183562
2015-09-28;64624.67696;14111.617818;12734.05047;0.168;0.168;17776.417598;24996.191678;5508.252055;14745.739726;5687.183562
2015-10-05;66278.932209;14472.835793;13060.005496;0.168;0.168;18231.446266;25636.035113;5508.252055;14745.739726;5687.183562
2015-10-12;67933.187458;14834.053768;13385.960521;0.168;0.168;18686.474933;26275.878548;5508.252055;14745.739726;5687.183562
2015-10-26;71251.544714;15558.639826;14039.810781;0.168;0.168;19599.240772;27559.374009;5508.252055;14745.739726;5687.183562
2015-11-02;72905.799963;15919.857801;14365.765807;0.168;0.168;20054.26944;28199.217444;5508.252055;14745.739726;5687.183562
2015-11-09;74560.055212;16281.075776;14691.720833;0.168;0.168;20509.298107;28839.060879;5508.252055;14745.739726;5687.183562
2015-11-30;79522.820959;17364.729702;15669.585911;0.168;0.168;21874.384109;30758.591184;5508.252055;14745.739726;5687.183562
2015-12-21;84485.586706;18448.383627;16647.450988;0.168;0.168;23239.470112;32678.121488;5508.252055;14745.739726;5687.183562
2016-01-18;38477.750085;7530.144505;6804.022044;0.168;0.168;8507.43153;15359.500569;5689.393443;14719.718579;5562.724044
2016-01-25;39176.435026;7666.875446;6927.567902;0.168;0.168;8661.908361;15638.398815;5689.393443;14719.718579;5562.724044
2016-02-01;46964.252135;12212.303753;10936.560722;0.168;0.168;11224.497202;21412.061375;5689.393443;14719.718579;5562.724044
2016-02-15;51432.251469;14366.054369;10222.437582;0.168;0.168;12039.768262;23306.160464;5689.393443;14719.718579;5562.724044
2016-06-20;38682.721423;9866.302748;7468.301141;0.168;0.168;16589.60786;15626.856524;5689.393443;14719.718579;5562.724044
2016-07-11;36813.39312;8017.917278;6153.187088;0.168;0.168;13247.571133;12602.281151;5689.393443;14719.718579;5562.724044
2016-08-01;32588.817124;5152.801778;4251.37663;0.168;0.168;14811.221667;10786.960548;5689.393443;14719.718579;5562.724044
2016-08-22;36050.33047;23489.785761;7482.464576;0.168;0.168;15393.053048;12295.238017;5689.393443;14719.718579;5562.724044
2016-09-12;37770.27659;10199.122285;8101.137325;0.168;0.168;16748.870141;15719.265871;5689.393443;14719.718579;5562.724044
2016-10-17;49245.614215;10711.421337;9984.613521;0.168;0.168;12978.21422;18768.94869;5689.393443;14719.718579;5562.724044
2016-11-07;51862.10981;10972.379131;9446.750555;0.168;0.168;12686.872467;17516.802034;5689.393443;14719.718579;5562.724044
2016-12-26;37597.90187;7484.807941;6405.409536;1.380091;0.319485;10072.516741;13196.562954;4878.930412;12622.69884;4770.430322
2017-01-23;56663.583333;15028.416667;11246.833333;432.884455;54.248091;13665.5;21365.049422;804.257543;2043.704803;827.141867
2017-04-03;38684.333333;10838.916667;7462.833333;1620.026492;202.614876;11915.0;16394.682288;3009.638908;7649.114579;3095.11793
2017-06-05;36031.0;12583.416667;6841.25;2689.090674;336.224513;15357.583333;11809.084703;4995.664295;12696.988064;5137.512097
2017-06-26;36318.333333;14433.25;6827.666667;3045.445402;380.761058;16695.833333;12366.620552;5657.672758;14379.612559;5818.310153
2017-07-10;35620.916667;10801.5;5976.666667;3283.01522;410.452088;15901.0;8856.415856;6099.011733;15501.362222;6272.175524
2017-09-18;42946.666667;10102.333333;8272.333333;4470.864311;558.90724;16433.0;0.0;8305.706607;21110.110539;8541.502377
2017-10-02;38934.5;9333.916667;8207.083333;4708.434129;588.59827;15693.25;0.0;8747.045582;22231.860202;8995.367747
2017-10-30;38819.5;9046.0;6731.0;5184.280818;648.068697;15253.583333;13966.586716;9631.037041;24478.698069;9904.449278
2017-11-20;56136.833333;13357.0;10540.333333;5540.635545;692.605242;14942.833333;19066.241367;10293.045503;26161.322564;10585.247334
2017-12-11;58115.25;14180.5;11086.0;5896.990273;737.141788;13151.583333;23118.516897;10955.053965;27843.947059;11266.04539
2017-12-18;51387.333333;13009.583333;10386.583333;6015.775182;751.987303;15102.25;21208.278365;11175.723453;28404.821891;11492.978075
2018-01-08;55033.833333;13587.166667;9909.333333;6372.129909;796.523848;0.0;19790.797931;5227.196815;10623.613737;4624.34183
2018-03-19;51509.166667;13976.166667;8726.916667;9955.75;1011.75;13092.024527;21575.747611;7161.406511;13943.758807;7299.897776
2018-03-26;44464.916667;12923.5;9388.0;10277.666667;915.583333;14300.865737;20819.672473;7049.125009;18904.924295;7570.657935
2018-04-02;42339.333333;12990.25;8166.333333;9398.5;874.083333;16349.049013;18827.927292;6314.082784;17381.98982;6753.366581
2018-04-16;37754.416667;15666.25;6005.5;7832.916667;861.166667;17465.406273;13406.070487;5005.499124;16580.020453;5264.617679
2018-05-07;35947.083333;11844.0;5538.75;5846.166667;860.0;16649.032365;11413.154134;4636.610809;14096.464375;4377.174043
2018-05-14;37527.333333;13228.416667;7393.916667;8811.083333;874.75;17603.215219;15205.07423;6434.994752;17445.759129;6719.499962
2018-07-02;38974.833333;17457.916667;6042.166667;7997.833333;920.75;15377.312548;9659.658787;4789.822936;14234.888224;4978.220127
2018-07-16;38858.5;17331.083333;5705.0;6052.166667;945.333333;13918.528877;9765.482536;4850.321645;13675.115239;3633.490748
2018-07-23;40486.333333;13047.416667;4894.166667;5248.166667;1010.333333;12668.03059;9558.687035;5449.412675;11860.093742;2871.05986
2018-07-30;38180.333333;6432.166667;3888.583333;5226.25;995.75;14613.075485;7707.649796;5286.11743;11226.301189;2805.40009
2018-08-06;36215.166667;2797.5;4760.5;4851.416667;967.5;14410.37931;7982.8752;5022.845506;11785.257782;2939.138675
2018-08-27;33017.583333;5186.583333;5857.083333;6277.5;889.583333;13410.085478;11709.544288;5933.573248;13559.822505;4227.279699
2018-09-10;36177.416667;11765.25;7534.166667;8706.5;928.75;13782.728553;14552.731464;5252.193719;15137.636685;5777.714227
2018-11-12;46346.333333;14765.25;10887.166667;11165.75;882.666667;15801.917805;20746.223262;7718.712416;17512.703298;7805.996375
2018-12-17;49891.833333;14333.166667;11625.083333;10297.166667;905.583333;13648.325532;19815.476197;7580.026816;17065.592449;8261.295047
2018-12-24;41520.0;10433.25;5500.416667;6626.583333;898.666667;10940.091551;8921.234883;5149.397184;11887.57895;6294.957709
2018-12-31;41516.25;12035.606118;5312.357467;6701.833333;891.333333;10503.657968;12999.82745;4978.337165;10313.91193;5754.17032
2019-01-21;52685.166667;15453.137835;10053.433861;12450.833333;952.083333;12166.675799;21451.080228;7430.438573;15679.295657;8041.106415
2019-02-25;39863.333333;11060.440007;7181.836617;8049.333333;900.666667;9819.51869;15774.538887;5569.438896;13290.670564;5694.407245
2019-03-04;41533.416667;11112.253489;8482.956415;8757.333333;941.416667;10626.998975;20159.459056;6245.300013;14742.808361;7124.101258
2019-04-01;40190.833333;10639.656867;10977.401252;9513.916667;831.333333;11818.263644;19163.277278;5920.886677;14954.204658;6617.247187
2019-04-08;36804.75;9624.926709;9392.361604;8555.75;763.75;10570.728871;17169.551072;5196.878502;13831.746444;5786.305114
2019-04-22;36958.75;9766.629374;8453.745845;6315.25;858.583333;11332.644931;17151.836631;5269.742767;13898.07352;5014.397339
2019-05-06;38322.583333;9753.570002;9642.848707;8306.166667;826.833333;12237.762841;17229.50764;5779.277681;13151.978947;6446.665522
2019-05-27;34138.162644;7510.410872;7129.791231;6629.418391;868.667241;10266.853176;14798.710507;4030.449494;11998.060822;5183.864122
2019-07-15;35051.646552;11252.684138;7876.256049;6119.502299;856.583908;12529.230348;12291.269052;4321.649084;12439.471326;4688.247634
2019-07-29;31613.996552;6889.412297;5320.457427;3994.002299;818.332184;11752.750747;9876.139449;3104.755779;10582.994055;3498.297019
2019-08-12;30187.166667;7824.090201;5234.03443;3829.75;825.25;8760.236109;8664.405352;4864.226097;10174.488465;3384.947734
2019-08-19;31693.666667;6911.290985;5839.787554;3863.5;812.666667;9192.924951;10038.296474;4586.929936;11597.289286;3815.263151
2019-08-26;35343.0;9034.880541;7072.921688;5532.583333;819.583333;8270.078104;11638.728036;5061.019689;12257.413765;4183.970099
2019-09-02;34807.583333;10303.420441;8030.75266;8521.583333;793.0;12396.209864;13659.877558;5251.63398;13712.95295;5112.816438
2019-09-23;31501.833333;11808.301052;8444.956824;8049.583333;841.25;13278.117426;17331.280507;5940.883584;15842.137133;5556.603345
2019-10-14;40804.75;12353.148225;10111.338001;9752.166667;810.666667;13036.164541;19673.078434;6733.550666;17029.221729;6405.049774
2019-11-04;42668.083333;11772.769384;10296.59678;10268.166667;807.666667;14515.117613;20173.596542;7327.707684;17004.391593;6573.657908
2019-11-11;47522.416667;12217.381638;8571.277461;10640.5;775.583333;13655.306987;19677.507044;7026.552552;17040.191207;6904.781975
2020-01-20;54420.083333;13399.666667;8821.25;12764.25;905.0;13481.523883;20741.9875;7338.416667;16066.822812;5841.916667
2020-02-10;49847.083333;13533.25;8369.583333;10184.083333;824.0;13623.91712;16549.334499;6799.416667;16342.04071;6084.666667
2020-02-24;51271.833333;13667.25;8423.916667;11447.75;726.916667;13345.567953;19349.993697;7409.916667;17116.495027;6396.916667
2020-03-02;51430.5;13539.75;8395.416667;11118.25;883.333333;13368.999752;19282.128526;7511.583333;16870.87411;6541.75
2020-04-06;34246.75;5001.666667;3946.25;4216.083333;907.25;7395.006938;9258.543827;5185.833333;12366.775031;4364.75
2020-04-20;31850.416667;4831.916667;3886.416667;3999.333333;846.583333;7366.339463;8941.615163;4220.166667;13043.423236;4367.75
2020-05-11;29585.537931;8474.756897;4186.917816;4598.833908;465.086782;7396.638906;9430.394792;2669.261494;13698.130611;4486.667816
2020-05-25;23342.666667;8145.583333;3958.0;5069.333333;865.416667;7675.673535;9785.383001;3904.333333;13209.778677;3802.166667
2020-06-15;29224.75;7777.416667;4737.0;4672.0;1036.416667;9087.246275;9398.736767;3873.0;13339.30799;3968.583333
2020-06-29;32405.166667;11538.333333;4948.333333;4613.166667;899.083333;8636.548935;9888.864757;3948.0;13703.146731;3268.916667
2020-07-06;32282.916667;11729.0;4912.25;4416.083333;887.083333;8775.337279;10430.607324;4559.75;13553.375805;3222.0
2020-07-13;31384.75;11380.5;4547.916667;3348.25;889.416667;8421.800364;8582.502317;3933.25;12823.742201;3047.083333
2020-08-03;31553.666667;5233.0;3819.416667;2698.166667;896.0;7807.852911;7472.662594;3903.083333;11383.355827;2611.25
2020-08-10;32333.75;5501.5;3924.333333;2732.5;911.5;3349.030568;8159.650099;3973.0;11260.035076;2629.166667
2020-08-24;31132.5;12072.916667;4987.666667;4053.5;827.0;8679.378486;10574.084063;3433.166667;13134.595543;4023.75
2020-09-14;36213.264368;14626.067816;6587.832184;4552.666667;1045.333908;12798.824213;13299.469074;4153.166667;13799.505841;3988.998851
2020-10-12;42067.75;12881.25;9346.0;6537.666667;969.0;10923.595464;17483.448898;6053.833333;17447.930177;5860.083333
2020-10-19;42086.5;10897.75;9233.083333;7433.25;847.833333;10208.281879;17305.113374;5969.416667;16634.438463;5761.0
2020-11-02;37806.916667;9047.081034;5975.667241;5938.334483;930.332759;5614.476158;14709.058346;4801.168391;14631.45373;4586.249425
2020-11-09;38234.5;8201.833333;6243.25;6383.833333;954.0;9343.708597;14086.148756;4723.75;14644.466782;4615.083333
2020-11-23;41543.583333;11580.416667;7295.583333;7691.25;808.25;8114.268737;15871.01959;5037.5;16339.149051;5602.0
2020-11-30;47747.166667;12973.166667;7529.5;8747.666667;967.333333;6606.479712;16412.846357;5102.916667;16383.289375;5832.5
2020-12-07;52819.666667;12944.25;7501.5;9159.666667;1095.75;10461.139309;17074.658073;5106.5;17284.976688;5959.25
2021-01-11;54829.666667;11173.041325;8077.75;8866.5;1203.416667;10809.140045;17722.178801;5732.278693;16386.25;6128.583333
2021-01-25;55409.916667;13330.075429;8013.833333;8587.333333;892.166667;10623.577615;16984.841463;5529.031541;15670.25;5570.833333
2021-02-01;51651.833333;11116.351067;7951.166667;8113.333333;729.166667;10665.72753;15532.571141;5355.832555;15083.5;4638.416667
2021-02-08;56775.5;14536.57459;6358.0;8959.083333;846.666667;10824.389405;17153.793703;5829.175591;15981.0;5234.916667
2021-02-22;45664.5;11982.197723;6406.333333;6965.75;840.666667;9616.263188;14816.802174;4772.003423;13543.083333;3974.916667
2021-03-15;49280.416667;13915.921923;7901.25;8779.5;939.083333;10430.304835;17150.031778;5674.883318;15774.166667;4930.5
2021-04-12;47243.166667;13131.232236;7589.916667;8220.333333;713.916667;9002.604977;13974.883315;5420.149138;14428.666667;5422.333333
2021-04-26;37397.166667;11893.717672;5383.916667;7172.666667;718.416667;8970.392847;11574.524245;4876.327958;13608.416667;4976.75
2021-05-31;37285.5;10679.120044;6587.666667;6834.583333;731.083333;9991.157552;12806.847341;4964.193525;13244.333333;5576.833333
2021-07-05;36638.166667;10026.848896;6225.333333;4458.0;704.0;10631.030954;11865.028469;4577.618792;13559.666667;4369.0
2021-07-26;31976.333333;4101.44238;4303.083333;3016.833333;737.0;9460.942465;9488.160532;3994.464899;12162.333333;2322.416667
2021-10-04;40368.25;11122.037224;8099.5;8939.333333;794.666667;11406.349509;17579.978029;5923.70915;15992.666667;6696.666667
2021-10-18;48265.333333;11369.298906;9112.5;9055.833333;829.583333;11661.990456;18077.722532;6001.446121;16337.75;6855.083333
2021-10-25;47620.583333;11464.671269;8725.666667;8518.25;855.833333;11175.039001;17895.896147;4226.072119;15949.0;6884.083333
2021-11-15;54949.25;11751.219128;9359.583333;10909.833333;864.25;11055.699913;20589.76898;6512.602581;17483.166667;6412.5
2021-12-20;48381.333333;10108.608944;5463.25;7703.083333;1006.0;10080.683286;14620.429678;4980.061658;12896.0;4243.416667
2021-12-27;44623.583333;7307.00285;5091.833333;7073.083333;946.083333;9833.374104;13553.719417;4834.893071;12383.416667;4068.166667
2022-01-17;57092.75;12383.166667;8579.416667;9607.75;1005.916667;10900.25;19603.563268;6502.25;15782.166667;5579.416667
2022-02-21;50700.416667;11663.25;8328.75;8821.75;974.75;11236.166667;17100.533912;6067.25;15687.583333;5094.75
2022-03-14;49235.916667;10886.666667;8423.833333;9524.666667;959.75;8360.0;19418.829209;5571.416667;15370.166667;5481.666667
2022-03-21;45962.583333;10357.416667;8024.0;9108.583333;895.75;8450.333333;17653.062771;5363.416667;14669.5;5217.166667
2022-05-16;39285.416667;13298.5;7522.25;7077.166667;1065.583333;11037.666667;14803.657056;4537.916667;13598.25;4666.666667
2022-06-06;37624.583333;8764.666667;6345.75;6893.75;788.833333;10436.333333;13553.020869;4644.75;13157.083333;4623.166667
2022-06-13;41002.25;14374.166667;6690.666667;7126.0;815.5;11370.5;14636.994808;4301.0;13393.083333;4484.666667
2022-07-04;38453.916667;11813.333333;6314.166667;5457.833333;817.75;11339.666667;11428.662866;3881.25;12855.666667;3882.583333
2022-07-11;39390.25;12470.416667;6366.333333;4863.5;699.5;11035.333333;10624.467319;3324.25;12726.583333;3214.5
2022-07-25;37455.333333;6417.083333;4960.416667;3497.0;946.666667;10867.916667;9705.73331;2921.916667;11865.416667;2599.75
2022-08-01;38090.25;4166.833333;4729.0;3386.75;950.333333;11152.583333;9103.423308;2932.333333;12083.416667;2706.75
2022-08-08;38535.333333;3752.333333;4827.0;3546.916667;957.5;11062.083333;8972.486351;2913.833333;12084.833333;2816.916667
2022-08-29;37049.333333;12766.916667;6678.333333;4988.583333;943.25;11502.083333;13167.154258;3709.583333;12241.916667;4409.333333
2022-09-12;36038.0;12751.0;6554.416667;6999.083333;800.166667;12251.666667;16195.772089;4479.916667;12605.666667;4661.5
2022-10-03;35932.166667;12066.25;6843.166667;7159.5;787.25;13790.583333;17887.41064;5082.0;13189.75;5062.0
2022-11-28;51813.895833;10857.979167;9483.416667;9057.4375;884.083333;15016.0625;19378.188553;5862.666667;14962.145833;6415.958333
2022-12-26;36172.354167;7233.25;8311.6875;4481.916667;778.0;11350.333333;11575.768321;4039.541667;12536.791667;4040.979167
2023-01-09;42300.375;11005.291667;10615.708333;8153.458333;752.75;14588.354167;18963.583333;5890.0;14526.354167;5965.729167
2023-01-30;49978.5625;10940.75;9960.5;9597.9375;786.833333;14764.479167;19053.625;5059.895833;14376.9375;5217.708333
2023-02-13;50023.479167;11155.041667;11589.354167;8756.958333;701.916667;14785.125;17957.770833;4671.708333;13881.895833;5417.166667
2023-02-20;47534.770833;10703.75;9713.083333;8569.333333;681.333333;15200.583333;15586.625;4786.4375;13817.895833;4958.166667
2023-02-27;48554.083333;11350.75;8300.75;7971.25;712.083333;14901.6875;16352.270833;4284.375;13658.958333;4145.479167
2023-03-20;43424.75;11349.833333;9142.208333;7742.875;783.0;13216.791667;16538.666667;4466.416667;13891.25;4992.416667
2023-03-27;42886.208333;10401.25;9026.583333;7529.041667;761.208333;12648.541667;15355.5;4106.458333;14023.291667;4910.625
2023-04-03;44517.458333;11329.291667;9309.958333;7894.791667;678.958333;13857.125;14010.291667;4529.791667;14317.291667;5183.333333
2023-04-17;39620.916667;11094.625;8640.958333;7735.5;622.166667;13908.208333;16105.875;4612.958333;13686.958333;5220.083333
2023-05-22;33127.541667;10185.125;7913.166667;6603.666667;505.833333;12611.791667;13755.625;3418.125;12344.125;4608.333333
2023-05-29;31443.375;10053.791667;7345.5;5965.0;485.666667;12578.875;12675.375;3131.333333;12014.708333;3923.25
2023-06-05;32971.666667;11354.958333;7771.5;6329.583333;492.0;12771.083333;13693.708333;3121.041667;12158.708333;4555.958333
2023-07-17;27851.375;12246.458333;5213.166667;4592.291667;498.125;11380.416667;9941.791667;2335.083333;11676.916667;2929.208333
2023-08-07;22814.791667;3259.791667;3519.0;3464.916667;494.5;10988.791667;9221.666667;2546.083333;10356.25;2394.416667
2023-08-14;19937.25;4099.791667;3593.791667;2947.333333;495.541667;11364.083333;9395.5;2444.625;10827.75;2467.166667
2023-09-11;22307.583333;11952.458333;6905.583333;6312.083333;549.916667;12263.541667;15994.0;3152.208333;12144.0;4600.375
2023-09-18;22634.791667;11386.791667;7210.458333;6547.666667;557.0;11815.833333;16419.75;3414.125;12376.791667;4793.583333
2023-10-02;22823.125;11742.125;7375.5;6618.375;529.958333;11794.125;15598.291667;3673.291667;12372.0;4733.958333
2023-10-16;25159.0;11813.416667;8785.875;7499.333333;663.083333;13116.5;16803.625;4165.333333;12477.916667;5411.291667
2023-11-06;30264.666667;11507.25;9713.0;8508.583333;833.291667;12754.041667;18380.333333;4446.541667;12411.666667;5306.875
2023-12-25;26229.166667;7251.875;4597.125;4973.666667;517.458333;10410.25;12166.833333;3237.375;11280.208333;3166.458333
2024-01-15;44479.708333;13280.416667;9395.625;10758.833333;822.041667;13678.541667;21637.833333;4690.958333;12880.041667;5793.416667
2024-02-05;33801.375;11978.041667;9478.666667;9214.375;980.583333;11564.291667;19590.666667;4421.916667;12577.041667;5003.375
2024-02-12;19956.833333;7724.25;5585.25;5136.416667;584.833333;7017.125;12246.25;2437.75;7515.125;2343.333333
