Location;Bâtiment Maupertuis;Bâtiment Bibliothèque Universitaire;IUP Pelvoux;Bâtiment IUT Romero;IUT Rostand;Bâtiment IBGBI;Bâtiment Premiers Cycles;Bâtiment Facteur Cheval;Bâtiment Ile-de-France;IUT Brétigny
2021-01-02;5321.0;907.75;622.083333;908.0;115.5;1289.75;1755.916667;517.75;1750.416667;604.083333
2021-01-03;5239.5;944.25;622.833333;884.416667;116.5;1094.916667;1743.5;512.833333;1761.25;620.166667
2021-01-07;8166.0;2157.0;1537.0;1526.833333;174.75;1484.583333;2750.75;825.833333;2707.833333;1158.333333
2021-01-12;8426.5;1211.861432;1392.917816;1139.255172;204.124567;1634.666667;2749.75;898.333333;2616.416667;671.668966
2021-01-18;8295.5;2013.583333;1336.666667;1393.666667;183.583333;1570.583333;2558.0;789.5;2273.333333;1083.416667
2021-01-19;8372.166667;2056.0;1377.166667;1337.166667;209.833333;1567.5;2478.083333;844.5;2346.666667;1030.666667
2021-01-26;8910.25;2180.25;1305.75;1368.333333;140.75;1600.0;2838.25;885.166667;2456.5;946.333333
2021-01-28;8237.916667;1875.666667;1353.25;1349.166667;128.583333;1578.0;2687.833333;875.833333;2456.0;789.5
2021-01-31;6400.666667;1119.25;586.166667;959.916667;103.75;1228.083333;1702.666667;567.833333;1767.333333;522.666667
2021-02-02;7610.416667;1902.25;1175.75;1266.666667;105.333333;1547.333333;2504.083333;808.166667;2343.583333;725.833333
2021-02-08;8377.583333;2082.916667;1259.416667;1353.333333;128.916667;1548.833333;2619.583333;890.25;2403.083333;942.75
2021-02-10;8202.416667;2016.5;1149.666667;1298.416667;140.25;1530.833333;2640.666667;816.083333;2377.75;692.083333
2021-02-16;8495.166667;1950.666667;1222.666667;1288.583333;128.833333;1582.833333;2354.5;878.416667;2431.25;772.166667
2021-02-19;7939.833333;1925.833333;1093.333333;1177.75;113.166667;1517.0;2295.083333;860.75;2250.416667;635.25
2021-02-21;6496.416667;1086.833333;638.833333;881.75;106.166667;1199.083333;1659.833333;534.833333;1785.166667;520.25
2021-02-23;6948.166667;1730.25;1015.416667;1057.583333;136.333333;1433.833333;2316.416667;736.166667;2035.916667;581.75
2021-02-26;6513.916667;1802.083333;1043.166667;1004.583333;103.333333;1356.416667;2220.833333;734.666667;1968.5;591.416667
2021-03-03;6644.416667;1713.583333;1145.583333;1251.75;144.75;1497.75;2438.25;782.75;2286.583333;700.583333
2021-03-04;6584.166667;1768.083333;1230.833333;1274.25;127.5;1523.083333;2500.416667;840.333333;2311.583333;687.583333
2021-03-06;5748.583333;1541.25;746.083333;1065.083333;136.666667;1229.583333;1651.416667;641.916667;1777.0;521.166667
2021-03-09;7056.0;1771.166667;1269.583333;1310.666667;116.833333;1523.916667;2551.916667;898.833333;2263.833333;749.666667
2021-03-10;6903.083333;2065.166667;1267.833333;1322.166667;124.5;1503.083333;2696.25;852.583333;2281.5;704.916667
2021-03-12;7097.5;2051.0;1192.916667;1356.833333;117.916667;1489.0;2494.25;831.0;2223.5;682.083333
2021-03-15;7250.833333;2142.583333;1405.0;1386.083333;142.083333;1496.916667;2729.75;841.916667;2373.666667;691.416667
2021-03-19;7249.916667;2067.416667;1111.916667;1290.166667;125.25;1553.5;2653.333333;857.083333;2332.083333;699.583333
2021-03-20;6195.416667;1645.416667;638.833333;994.833333;122.166667;1301.916667;1773.5;615.166667;1860.833333;522.25
2021-03-28;5431.5;1191.0;739.416667;849.75;116.75;1133.25;1565.333333;582.833333;1773.5;513.25
2021-03-29;6469.583333;1911.25;1257.833333;1152.583333;113.0;1507.333333;2574.666667;763.5;2268.5;719.0
2021-04-04;5352.583333;1267.75;732.416667;851.666667;107.0;1128.416667;1548.333333;535.25;1675.916667;463.0
2021-04-05;5775.666667;1292.583333;753.833333;854.416667;101.583333;1299.75;1749.083333;628.083333;1685.5;487.666667
2021-04-09;6575.75;1883.666667;1287.166667;1213.0;100.416667;1426.916667;2249.25;799.166667;2172.916667;642.333333
2021-04-11;5959.333333;1192.416667;862.333333;971.0;99.333333;1121.75;1561.25;578.583333;1770.25;507.0
2021-04-18;5912.666667;1204.083333;674.583333;963.416667;102.083333;1129.916667;1558.333333;616.666667;1751.75;648.083333
2021-04-19;6537.916667;1907.833333;984.416667;1166.25;102.083333;1253.583333;2006.166667;806.5;2125.25;833.166667
2021-04-20;6481.416667;1791.25;892.75;1147.0;111.166667;1282.75;1838.333333;837.833333;2126.416667;830.25
2021-04-27;5148.833333;1836.916667;819.583333;1094.5;108.5;1276.083333;1701.583333;747.666667;1980.083333;827.75
2021-04-29;5592.333333;1846.5;876.833333;1112.333333;102.333333;1257.5;1781.75;777.083333;2090.083333;799.0
2021-05-04;6795.25;1903.666667;1389.083333;1290.0;103.25;1576.25;2493.583333;864.416667;2572.833333;960.333333
2021-05-05;6889.583333;1879.083333;1253.75;1209.916667;101.833333;1507.083333;2528.166667;838.333333;2520.5;928.833333
2021-05-08;5488.583333;1172.416667;663.416667;905.666667;104.833333;1208.333333;1556.083333;503.166667;1883.166667;454.583333
2021-05-13;5545.083333;1112.166667;807.0;914.0;102.833333;1208.666667;1801.0;635.916667;1754.416667;694.666667
2021-05-15;5381.416667;1200.25;704.25;919.833333;104.333333;1102.75;1552.666667;555.5;1709.416667;546.083333
2021-05-23;5355.0;1169.0;708.583333;862.0;103.166667;1113.333333;1549.333333;608.333333;1759.583333;568.166667
2021-05-25;6402.583333;1842.916667;1270.333333;1223.333333;104.333333;1504.75;2504.083333;943.083333;2261.583333;850.416667
2021-05-29;5069.5;1393.5;657.083333;830.916667;105.75;1214.0;1509.833333;675.833333;1687.333333;605.5
2021-05-30;4949.0;1054.25;654.416667;830.083333;108.333333;1136.583333;1486.666667;662.333333;1685.916667;610.583333
2021-06-03;5522.333333;1660.583333;1004.916667;1114.833333;107.333333;1520.75;2019.333333;781.916667;2006.416667;934.25
2021-06-08;5498.5;1630.333333;1021.666667;996.0;99.583333;1483.666667;1957.916667;746.0;2001.75;839.583333
2021-06-12;5126.083333;998.916667;599.333333;708.5;102.25;1219.833333;1381.833333;478.166667;1655.666667;532.083333
2021-06-14;5652.75;0.0;1052.416667;1026.583333;102.083333;0.0;2114.0;669.75;2021.916667;805.333333
2021-06-17;5999.916667;0.0;1082.583333;1034.25;105.166667;0.0;2238.25;723.333333;2079.25;766.666667
2021-06-19;5279.416667;0.0;616.5;740.75;103.75;0.0;1470.416667;456.416667;1704.5;0.0
2021-06-25;5419.333333;1501.25;1082.5;849.0;98.75;1538.833333;2244.083333;791.916667;1986.166667;749.75
2021-06-26;4968.25;1001.0;662.333333;626.333333;99.166667;1310.416667;1554.166667;511.333333;1648.166667;462.0
2021-07-03;5033.916667;993.333333;699.333333;502.0;109.0;1306.333333;1342.416667;455.583333;1754.833333;443.5
2021-07-07;5335.083333;1609.0;939.5;679.75;100.833333;1500.0;1889.416667;702.083333;2029.583333;692.833333
2021-07-08;5368.833333;1464.75;967.5;680.75;99.416667;1568.666667;1828.75;676.166667;2021.75;694.25
2021-07-14;5037.166667;576.5;759.25;528.333333;103.583333;1390.25;1616.666667;606.083333;1734.5;370.0
2021-07-16;5385.5;1105.166667;869.5;719.5;100.333333;1503.25;1664.583333;672.833333;1970.666667;505.5
2021-07-17;5006.666667;580.416667;636.25;496.916667;103.0;1303.833333;1275.75;467.833333;1719.666667;382.75
2021-07-18;5120.5;572.916667;615.25;504.5;104.666667;1228.083333;1259.416667;448.083333;1706.5;386.833333
2021-07-21;5703.666667;691.166667;842.083333;615.5;103.583333;1469.75;1595.666667;631.583333;1950.583333;381.166667
2021-07-23;5756.583333;598.0;745.166667;499.0;106.25;1511.5;1539.916667;658.666667;1915.916667;337.833333
2021-07-29;4566.75;562.916667;647.833333;408.333333;107.25;1352.916667;1422.25;584.75;1770.083333;345.5
2021-01-01;5560.666667;939.416667;628.75;904.25;109.333333;1355.333333;1988.25;632.916667;1751.166667;588.166667
2021-07-30;4517.083333;565.75;636.5;403.666667;100.583333;1358.75;1412.166667;589.833333;1744.833333;339.166667
2021-01-06;8109.25;2177.916667;1304.75;1538.916667;233.666667;1491.0;2757.333333;733.25;2630.166667;957.833333
2021-08-01;4300.916667;560.083333;512.5;400.916667;104.25;1165.833333;1106.833333;503.416667;1729.0;324.916667
2021-01-08;7999.416667;2157.333333;1515.5;1494.083333;106.75;1430.416667;2732.333333;805.5;2577.5;1188.583333
2021-08-02;4461.083333;559.416667;652.833333;408.166667;101.583333;1323.75;1393.833333;593.916667;1742.083333;338.833333
2021-01-09;6720.5;1701.916667;957.333333;1314.416667;111.25;1174.75;2033.0;550.166667;1847.333333;678.166667
2021-08-04;4235.333333;561.916667;638.416667;412.833333;106.0;1324.0;1404.083333;621.166667;1727.083333;335.75
2021-01-11;8170.75;1251.769053;1415.416667;1548.411494;155.58391;1612.0;2894.416667;929.833333;2631.083333;1136.247701
2021-08-05;4322.0;555.583333;639.166667;413.5;106.5;1333.833333;1441.333333;609.166667;1815.083333;335.5
2021-01-14;8072.916667;1929.333333;1504.75;1365.416667;171.583333;1598.166667;2639.833333;894.416667;2504.916667;1041.75
2021-08-08;4039.833333;563.0;512.833333;415.5;102.75;1142.166667;1271.583333;533.166667;1720.083333;322.166667
2021-01-15;8131.083333;2084.583333;1458.666667;1286.916667;143.166667;1565.25;2661.333333;856.916667;2473.583333;917.333333
2021-08-09;4017.75;559.25;636.333333;414.166667;99.833333;1330.833333;1574.5;612.666667;1786.833333;332.25
2021-01-17;6845.833333;1313.25;736.5;1027.0;147.25;1273.5;1848.166667;578.083333;1838.583333;689.166667
2021-08-11;4066.833333;556.5;508.666667;420.0;104.083333;1319.25;1462.666667;597.75;1762.333333;336.25
2021-01-20;7989.75;2010.166667;1386.25;1281.5;190.166667;1487.5;2378.0;818.833333;2207.416667;1102.166667
2021-08-13;4242.166667;557.583333;515.833333;433.25;105.5;1220.0;1466.333333;585.75;1775.666667;331.083333
2021-01-21;8106.5;1851.666667;1380.333333;1309.5;188.416667;1494.75;2373.75;861.0;2209.75;1142.25
2021-08-15;4198.0;563.083333;506.75;443.5;105.666667;1223.166667;1173.416667;490.916667;1717.833333;321.166667
2021-01-25;8658.5;2165.833333;1339.5;1284.25;162.333333;1546.833333;2728.0;872.833333;2300.5;1169.833333
2021-08-17;4145.416667;345.416667;672.666667;413.166667;112.5;1236.583333;1239.666667;641.666667;1894.083333;324.333333
2021-01-29;7792.0;1880.0;1433.333333;1275.083333;106.166667;1481.0;2453.666667;828.0;2325.416667;709.916667
2021-08-18;4162.833333;341.333333;736.083333;401.0;100.5;1230.25;1233.416667;635.833333;1819.25;327.083333
2021-02-01;7730.333333;1893.583333;1227.5;1274.583333;105.416667;1577.916667;2468.25;833.916667;2248.166667;759.166667
2021-08-21;4057.833333;368.416667;515.666667;480.166667;104.5;1173.583333;1168.416667;575.5;1728.5;306.416667
2021-02-03;7615.666667;1874.25;1279.833333;1291.083333;103.25;1579.833333;2490.083333;861.583333;2387.25;689.5
2021-08-23;4249.0;450.916667;685.583333;718.083333;101.083333;1262.583333;1283.25;678.916667;1977.416667;586.5
2021-02-07;6617.666667;830.333333;731.083333;900.333333;103.0;1233.083333;1696.083333;573.75;1716.75;519.0
2021-09-01;4794.5;1008.583333;934.25;776.75;105.0;1526.25;2135.25;803.5;2124.833333;762.666667
2021-02-09;8816.75;2226.083333;1353.833333;1391.0;140.666667;1582.833333;2605.5;890.666667;2434.083333;806.333333
2021-09-06;5364.916667;1407.583333;1017.666667;954.166667;109.916667;1635.833333;2529.166667;762.75;2194.5;904.166667
2021-02-11;8598.916667;2223.583333;1235.583333;1388.333333;125.583333;1613.333333;2731.333333;870.166667;2532.333333;814.5
2021-09-09;5787.583333;1589.5;1212.75;1154.25;112.083333;1732.916667;2578.0;748.75;2285.916667;971.416667
2021-02-12;8451.0;2228.083333;2.5;1338.583333;102.166667;1563.833333;2623.75;932.5;2440.083333;902.666667
2021-09-11;4950.833333;930.25;630.333333;674.333333;107.833333;1263.833333;1352.333333;488.416667;1798.25;498.833333
2021-02-13;7205.333333;1833.916667;677.666667;1098.833333;104.25;1396.916667;1926.666667;680.333333;1912.833333;542.333333
2021-09-12;4832.5;947.583333;589.083333;679.333333;108.166667;1198.416667;1309.5;494.416667;1718.75;502.25
2021-02-15;8517.583333;2128.083333;1193.583333;1293.0;108.666667;1562.416667;2452.166667;974.416667;2411.666667;770.916667
2021-09-13;5584.583333;1540.333333;1083.833333;1142.666667;109.5;1626.416667;2657.75;1.666667;2161.75;916.916667
2021-02-17;8383.333333;1839.666667;1192.083333;1231.416667;150.5;1535.083333;2305.416667;864.583333;2394.583333;708.0
2021-09-14;5720.083333;1543.833333;1352.333333;1201.833333;107.0;1709.333333;2708.75;929.583333;2310.083333;963.0
2021-02-18;8322.166667;1888.166667;1127.083333;1184.166667;143.666667;1564.083333;2360.583333;896.583333;2410.666667;667.083333
2021-09-17;5399.25;1526.583333;1233.916667;1112.0;105.916667;1644.75;2528.666667;836.666667;2093.083333;885.666667
2021-02-20;6661.666667;1520.416667;639.75;902.333333;102.833333;1303.166667;1681.083333;551.083333;1796.166667;519.5
2021-09-20;5530.916667;1591.0;1343.0;1196.916667;108.083333;1686.916667;2804.25;846.75;2307.25;976.5
2021-02-22;7178.166667;1803.416667;1045.166667;1085.75;123.083333;1410.333333;2317.75;699.416667;2090.583333;589.083333
2021-09-30;5584.166667;1662.333333;1278.75;1497.833333;102.333333;1645.666667;2852.0;857.666667;2319.25;994.0
2021-02-24;6596.333333;1757.333333;968.166667;1007.0;141.5;1391.166667;2263.833333;705.0;1966.0;589.25
2021-10-01;5558.5;1645.25;1270.0;1420.833333;108.25;1637.166667;2720.416667;894.916667;2359.166667;1095.75
2021-02-25;6388.833333;1758.666667;1017.75;1039.75;130.166667;1362.0;2257.25;694.5;1969.5;582.25
2021-10-04;5940.333333;1669.916667;1363.916667;1376.75;119.166667;1736.0;2907.583333;914.166667;2417.416667;1043.416667
2021-03-14;6194.666667;1509.25;682.833333;1020.416667;118.333333;1190.833333;1749.75;549.166667;1775.333333;520.583333
2021-10-05;6103.416667;1665.583333;1466.75;1380.25;115.333333;1800.166667;2887.583333;979.416667;2673.166667;1166.083333
2021-03-16;7548.083333;2165.0;1359.5;1388.0;154.916667;1497.583333;2663.583333;905.333333;2422.5;811.75
2021-10-11;6240.0;1706.416667;1496.083333;1470.5;111.666667;1700.166667;2950.25;937.583333;2622.666667;1112.333333
2021-03-21;6126.166667;1245.666667;648.416667;970.083333;120.583333;1199.583333;1770.416667;599.833333;1827.75;525.333333
2021-10-12;6468.0;1707.583333;1450.583333;1482.583333;111.333333;1718.083333;3033.416667;993.75;2632.0;1170.666667
2021-03-22;7531.083333;2131.666667;1231.416667;1388.75;118.666667;1533.916667;2834.0;862.25;2421.416667;691.416667
2021-10-13;6359.25;1682.75;1438.416667;1484.583333;114.833333;1731.083333;3102.833333;927.5;2490.25;1079.833333
2021-03-27;5836.166667;1757.333333;774.5;889.166667;127.666667;1288.75;1695.166667;576.833333;1848.666667;534.083333
2021-10-16;6116.416667;1333.083333;762.25;899.166667;112.583333;1343.083333;1613.75;651.166667;1887.083333;607.166667
2021-03-31;5920.083333;2214.833333;1367.333333;1172.416667;106.333333;1489.0;2261.416667;756.333333;2128.833333;639.666667
2021-10-20;6997.916667;1700.833333;1653.916667;1487.5;120.166667;1798.666667;2959.333333;876.5;2604.0;1135.083333
2021-04-02;5756.666667;1966.666667;1302.75;1196.25;102.75;1467.666667;2121.0;748.0;2116.833333;634.666667
2021-10-21;6927.583333;1668.0;1555.166667;1484.416667;115.416667;1742.333333;2956.083333;990.083333;2507.166667;1117.5
2021-04-03;5352.333333;1652.5;732.916667;883.166667;100.083333;1243.083333;1531.166667;530.0;1684.25;463.916667
2021-10-22;7155.583333;1749.75;1456.75;1452.5;113.416667;1732.083333;2907.083333;973.25;2509.0;1073.333333
2021-04-08;6917.25;1972.166667;1174.75;1162.166667;99.5;1427.333333;2396.416667;824.5;2281.5;671.333333
2021-10-23;6561.666667;1347.333333;678.0;898.75;120.75;1235.666667;1621.333333;627.333333;1899.166667;608.833333
2021-04-12;7117.833333;2052.916667;1286.333333;1302.916667;99.416667;1431.833333;2227.666667;867.5;2133.75;750.666667
2021-10-24;6551.75;1011.416667;678.333333;917.583333;113.75;1226.833333;1660.25;629.916667;1856.75;605.0
2021-04-23;5502.5;1788.416667;824.0;1072.416667;103.25;1236.0;1456.916667;698.25;2001.75;817.333333
2021-10-25;7525.25;1807.583333;1550.583333;1382.916667;126.416667;1680.0;2951.75;988.416667;2634.916667;1192.333333
2021-04-25;4877.916667;1101.583333;678.0;855.0;103.083333;1136.083333;1309.916667;475.75;1590.25;644.833333
2021-10-28;6790.416667;1733.833333;1335.166667;1279.083333;119.166667;1610.833333;2792.583333;1.916667;2375.833333;1098.25
2021-04-28;4710.75;1803.083333;837.083333;1091.0;101.583333;1228.75;1693.333333;730.0;1975.666667;834.583333
2021-10-29;6610.0;1684.5;1445.25;1278.5;117.583333;1682.5;2837.833333;952.916667;2357.333333;1077.916667
2021-04-30;5798.083333;1821.666667;815.083333;1045.166667;101.666667;1355.75;1739.833333;722.583333;2074.833333;711.0
2021-11-02;6620.5;1736.25;997.666667;1229.0;119.666667;1467.5;2401.25;851.25;2308.833333;826.5
2021-05-07;6690.416667;1870.833333;1090.916667;1257.833333;100.666667;1540.416667;2507.5;973.166667;2513.75;780.833333
2021-11-07;6112.0;1042.416667;613.166667;1015.416667;119.833333;1190.25;1890.5;651.083333;1842.416667;575.833333
2021-05-09;5279.166667;1117.916667;665.833333;901.416667;104.083333;1126.583333;1514.833333;441.0;1870.75;573.25
2021-11-08;7452.083333;1772.083333;1453.583333;1470.416667;116.916667;1643.666667;3193.416667;966.25;2598.333333;1161.5
2021-05-10;6122.333333;1815.666667;1186.666667;1229.833333;103.5;1440.666667;2469.0;734.0;2355.583333;837.916667
2021-11-13;6372.333333;1396.0;702.833333;1271.416667;119.916667;1222.416667;1877.416667;666.5;1890.416667;547.0
2021-05-11;6367.25;1837.0;1249.416667;1308.25;101.833333;1409.166667;2468.583333;866.75;2355.333333;849.583333
2021-11-14;6259.25;1011.916667;695.083333;1267.333333;128.916667;1217.0;1855.083333;640.333333;1872.083333;546.25
2021-05-12;6160.0;1843.666667;1222.416667;1232.0;102.416667;1353.333333;2440.25;784.166667;2204.666667;827.083333
2021-11-18;8357.166667;1664.0;1605.833333;1747.166667;123.25;1637.666667;3318.0;989.583333;2686.75;1068.75
2021-05-16;5296.666667;1146.5;705.25;924.75;99.833333;1108.083333;1557.25;557.75;1692.666667;549.166667
2021-11-24;7050.186851;1038.311419;719.750865;1062.062284;185.937716;1236.373702;1962.685121;558.311419;2028.124567;504.0
2021-05-17;6480.416667;1835.416667;1397.166667;1236.833333;101.75;1447.333333;2513.666667;860.666667;2401.25;910.916667
2021-11-30;8645.75;2012.416667;1697.5;1872.583333;132.0;1768.916667;3521.833333;1095.916667;2867.25;1132.416667
2021-05-18;6510.916667;1894.5;2.75;1231.25;100.666667;1445.75;2458.75;893.916667;2382.333333;853.083333
2021-12-01;8383.166667;1875.166667;1533.833333;1804.583333;129.083333;1675.75;3381.833333;924.583333;2651.25;1116.5
2021-05-19;6507.916667;1871.415517;1458.751149;1262.332759;100.916667;1436.328736;2598.083333;862.833333;2400.831609;850.5
2021-12-02;8350.916667;1967.416667;1469.416667;1875.083333;132.0;1824.25;3489.416667;1018.75;2732.166667;1133.75
2021-05-20;6423.916667;1103.834483;744.165517;851.917241;96.0;1103.337931;2471.916667;868.333333;1763.751724;859.083333
2021-12-12;6740.416667;1183.416667;744.833333;1102.25;129.25;1218.333333;2008.583333;588.25;1980.333333;572.25
2021-05-21;6174.166667;1780.333333;1332.916667;1201.666667;103.416667;1423.583333;2413.833333;904.666667;2194.0;871.833333
2021-12-13;8306.25;1882.666667;1857.083333;1655.416667;126.416667;1682.083333;3260.583333;1032.25;2752.333333;1237.5
2021-05-22;5350.083333;1493.666667;712.833333;861.833333;100.75;1193.916667;1543.916667;604.583333;1750.416667;565.166667
2021-12-16;8416.0;1967.25;1735.916667;1577.25;133.166667;1726.666667;3144.666667;1033.833333;2671.666667;1128.666667
2021-05-24;5594.666667;1170.0;745.5;904.666667;101.833333;1279.75;1873.916667;686.0;1739.333333;712.083333
2021-12-17;8211.166667;1927.166667;1427.333333;1488.25;143.75;1701.916667;2921.5;1049.083333;2472.666667;1178.5
2021-05-31;5496.166667;1699.416667;1177.333333;1098.083333;108.083333;1470.583333;2080.333333;845.25;2009.083333;928.916667
2021-12-18;6771.416667;1075.166667;658.083333;1085.25;136.833333;1334.333333;1832.416667;642.416667;1821.666667;605.333333
2021-06-01;5479.25;1654.416667;1121.75;1032.25;107.333333;1453.0;2035.333333;803.5;1990.75;935.75
2021-12-26;6361.916667;988.25;712.75;960.333333;145.416667;1219.0;1734.25;608.416667;1689.833333;525.5
2021-06-06;4845.25;1001.5;603.166667;726.25;97.416667;1127.5;1296.25;500.083333;1631.333333;516.25
2021-12-28;6508.75;981.083333;792.916667;1016.583333;139.0;1386.916667;2024.833333;729.5;1791.75;618.416667
2021-06-09;5517.083333;1628.5;1024.25;1061.5;100.916667;1435.416667;1970.166667;721.583333;2006.25;816.333333
2021-12-30;6369.333333;1099.25;754.5;1044.833333;129.083333;1478.666667;2017.666667;709.25;1793.083333;632.666667
2021-06-10;5650.416667;1602.583333;1068.583333;1056.666667;102.333333;1456.166667;2055.666667;721.166667;2094.5;816.416667
2021-12-31;6347.583333;1138.666667;720.666667;1030.333333;135.916667;1445.75;1996.25;711.333333;1759.916667;597.333333
2021-06-21;5549.166667;3.333333;1117.833333;995.166667;100.0;4.5;2314.916667;680.083333;1995.916667;1.75
2021-06-22;5484.083333;1674.666667;1119.083333;1015.916667;98.083333;1670.916667;2365.416667;685.166667;2162.166667;843.25
2021-06-27;4845.416667;994.583333;665.916667;624.416667;99.25;1231.833333;1535.083333;463.75;1644.25;465.75
2021-06-29;5388.416667;1652.583333;1037.0;767.333333;100.666667;1649.166667;2055.833333;747.666667;2109.0;663.833333
2021-06-30;5408.916667;1631.0;1028.666667;769.5;100.5;1598.25;2099.25;731.25;2160.5;713.0
2021-07-02;5479.083333;1541.583333;921.5;705.166667;102.5;1576.25;1794.75;675.5;1977.083333;640.25
2021-07-04;4848.25;1005.583333;661.916667;495.583333;100.916667;1222.666667;1323.0;465.583333;1762.083333;428.75
2021-07-06;5454.833333;1574.416667;1001.416667;733.0;99.583333;1585.416667;1904.166667;710.166667;2058.166667;702.916667
2021-07-09;5355.666667;1573.666667;965.5;645.083333;102.666667;1576.583333;1774.583333;665.166667;1988.083333;652.833333
2021-07-11;4837.916667;1000.416667;639.083333;502.166667;100.666667;1221.916667;1274.583333;506.333333;1714.666667;444.666667
2021-07-12;5408.0;1459.083333;1011.416667;717.0;99.333333;1541.0;1699.0;705.583333;2073.083333;679.25
2021-07-13;5426.083333;1162.666667;1001.083333;720.083333;98.916667;1551.583333;1710.583333;706.5;2114.916667;657.5
2021-07-19;5730.166667;775.0;873.583333;670.416667;104.833333;1509.666667;1678.75;637.0;1942.416667;516.416667
2021-07-22;5769.333333;704.833333;789.666667;594.166667;104.166667;1514.5;1545.583333;655.0;1962.666667;356.333333
2021-07-25;4870.333333;582.25;598.666667;410.916667;104.333333;1180.5;1199.583333;489.333333;1696.333333;315.083333
2021-07-26;4898.0;585.0;699.833333;480.0;103.75;1357.75;1488.333333;593.583333;1722.333333;333.583333
2021-08-07;4122.083333;560.25;513.083333;415.0;98.166667;1234.833333;1335.333333;526.416667;1768.25;314.833333
2021-08-10;3921.916667;557.333333;544.083333;417.0;101.416667;1341.75;1471.0;619.083333;1786.583333;333.916667
2021-08-12;4190.75;556.916667;512.166667;423.833333;107.416667;1228.166667;1469.333333;589.166667;1743.333333;339.916667
2021-08-19;4117.083333;389.333333;701.166667;398.0;101.5;1292.75;1227.666667;672.916667;1861.333333;326.0
2021-08-20;4165.666667;378.083333;599.333333;402.083333;101.5;1274.25;1231.833333;666.166667;1886.333333;316.583333
2021-08-24;4282.75;838.0;704.583333;612.75;102.75;1273.5;1251.75;672.833333;2043.833333;580.083333
2021-08-25;4316.083333;844.25;720.083333;617.916667;101.75;1297.666667;1285.416667;676.416667;2028.416667;588.0
2021-08-29;3995.285632;362.751149;569.666667;555.914943;113.5;1152.497126;1274.832184;550.082759;1635.252874;451.166092
2021-08-31;4760.25;1001.666667;918.916667;755.0;114.166667;1514.083333;1833.0;705.75;2135.666667;817.583333
2021-09-03;5027.083333;1447.083333;897.333333;828.833333;109.833333;1515.083333;2140.75;785.166667;2039.083333;855.833333
2021-09-05;4678.166667;799.916667;548.833333;563.583333;115.083333;1169.25;1322.75;523.416667;1783.333333;538.416667
2021-09-10;5568.25;1604.583333;1152.666667;1120.75;111.333333;1641.75;2469.333333;758.166667;2160.25;931.333333
2021-09-18;4897.916667;1264.166667;683.666667;693.75;105.416667;1278.333333;1364.666667;518.583333;1712.75;502.583333
2021-09-19;4768.666667;887.25;663.0;698.5;108.333333;1199.166667;1325.916667;502.166667;1682.416667;504.666667
2021-09-22;5370.5;1623.166667;1244.0;1189.333333;105.666667;1654.166667;2664.833333;766.0;2243.0;945.416667
2021-09-25;4816.666667;1291.083333;636.916667;719.166667;106.666667;1271.25;1380.083333;521.833333;1717.25;518.916667
2021-09-26;4662.166667;915.416667;633.0;714.0;108.916667;1188.25;1365.666667;517.666667;1702.833333;515.833333
2021-09-27;5614.75;1624.166667;1354.833333;1366.416667;108.583333;1687.25;2848.75;902.166667;2412.416667;1068.916667
2021-09-28;5515.916667;1638.833333;1296.833333;1402.583333;105.583333;1715.75;2699.166667;818.75;2365.0;1000.0
2021-09-29;5577.25;1663.916667;1342.166667;1306.333333;109.333333;1672.833333;2825.333333;815.416667;2375.583333;917.666667
2021-10-08;5950.333333;1676.0;1232.666667;1389.75;111.166667;1698.833333;2777.416667;932.583333;2354.166667;1080.666667
2021-10-14;6727.583333;1779.0;1382.833333;1440.5;108.416667;1710.833333;2824.083333;1011.0;2432.75;1127.333333
2021-10-27;7226.666667;1722.916667;1543.666667;1329.583333;122.416667;1583.083333;2858.75;0.0;2420.666667;1114.833333
2021-11-05;6769.5;1734.0;977.75;1249.166667;115.416667;1439.75;2496.416667;886.25;2272.083333;814.166667
2021-11-10;8019.25;1842.5;1545.916667;1853.333333;116.833333;1662.083333;3344.416667;956.416667;2689.0;1113.166667
2021-11-15;8207.75;1832.75;1666.0;1927.333333;125.0;1636.75;3456.0;1034.666667;2735.666667;1118.75
2021-11-16;8402.5;1849.75;1669.833333;1870.75;126.75;1663.916667;3424.083333;1000.416667;2776.0;1049.916667
2021-11-25;7086.062284;1098.103806;671.916955;1074.020761;173.979239;1308.124567;2094.228374;618.103806;2052.041522;504.0
2021-11-26;8083.25;1984.666667;1471.916667;1601.666667;127.5;1684.333333;3354.083333;1042.833333;2639.916667;992.416667
2021-11-28;7052.916667;1214.583333;639.416667;1124.833333;134.833333;1269.0;2073.833333;758.5;1951.666667;549.833333
2021-11-29;8416.166667;2014.583333;1636.25;1780.083333;134.0;1692.0;3584.0;1037.0;2791.166667;1087.416667
2021-12-03;8379.5;1995.333333;1543.833333;1845.416667;131.416667;1722.0;3505.25;1055.25;2639.5;1211.083333
2021-12-06;8342.083333;1998.5;1581.5;1918.583333;129.833333;1574.75;3467.0;1044.0;2704.083333;1188.583333
2021-12-07;8480.666667;2046.5;1691.0;1958.083333;134.5;1737.75;3184.416667;1070.25;2780.166667;1177.666667
2021-12-08;8305.916667;1993.166667;1530.833333;1768.25;125.916667;1739.5;3375.083333;970.916667;2623.333333;1042.083333
2021-12-09;8589.333333;1876.916667;1564.416667;1663.666667;127.25;1705.083333;3296.5;1046.333333;2642.416667;1041.0
2021-12-15;8652.666667;1962.583333;1824.583333;1608.333333;127.083333;1705.833333;3335.0;987.5;2618.25;1185.416667
2021-12-21;7164.583333;2032.166667;922.083333;1164.0;143.333333;1460.0;2272.083333;756.833333;2050.166667;628.833333
2021-12-22;7341.0;1855.833333;722.5;1155.25;142.333333;1454.916667;2263.833333;749.0;1816.166667;672.083333
2021-12-23;7131.083333;1070.916667;701.833333;1126.416667;147.583333;1455.75;2203.916667;734.916667;1778.5;614.666667
2021-12-25;6452.666667;975.75;709.583333;974.916667;148.833333;1315.583333;1765.5;612.083333;1705.916667;518.0
2021-12-27;6539.416667;978.0;770.166667;990.166667;143.833333;1391.916667;2017.0;722.083333;1758.5;585.166667
2021-01-04;7174.083333;1949.083333;1218.333333;1339.333333;125.25;1366.75;2734.75;823.916667;2692.916667;848.166667
2021-01-05;7832.833333;2151.0;1350.5;1447.166667;203.333333;1471.416667;2796.0;797.583333;2751.833333;1090.833333
2021-01-10;6685.833333;1284.665704;916.166667;1216.583333;104.916667;1176.916667;1916.0;565.166667;1813.083333;681.416667
2021-01-13;8176.083333;1171.953811;768.165517;1372.916667;228.041522;1554.583333;2813.0;922.083333;2464.083333;981.166667
2021-01-16;7006.5;1844.5;801.333333;1126.583333;153.666667;1276.083333;2059.5;579.833333;1857.583333;691.25
2021-01-22;7987.833333;1938.75;1328.666667;1266.333333;190.25;1483.833333;2302.916667;821.0;2160.916667;1086.5
2021-01-23;6842.666667;1683.25;741.583333;1035.25;191.166667;1251.083333;1732.416667;608.083333;1750.833333;627.416667
2021-01-24;6843.0;1319.5;733.666667;999.833333;188.583333;1262.833333;1797.0;598.0;1735.583333;634.333333
2021-01-27;8875.666667;2120.25;1290.916667;1341.0;146.166667;1573.833333;2796.0;850.333333;2568.166667;905.916667
2021-01-30;6534.916667;1552.416667;704.916667;1009.583333;104.416667;1326.0;1724.583333;578.833333;1796.333333;526.666667
2021-02-04;7595.75;1719.75;1247.833333;1241.333333;101.916667;1559.916667;2325.916667;817.333333;2319.083333;687.5
2021-02-05;7631.0;1459.5;1352.583333;1173.833333;104.916667;1550.666667;2166.166667;833.75;2283.25;672.083333
2021-02-06;6851.0;1072.75;936.583333;965.5;105.333333;1326.0;1832.75;559.333333;1785.416667;585.333333
2021-02-14;7123.5;1449.583333;679.333333;1090.583333;104.833333;1292.5;1951.916667;675.166667;1880.833333;534.25
2021-02-27;6063.75;1600.583333;660.916667;875.583333;101.25;1198.166667;1698.583333;586.583333;1752.666667;518.916667
2021-02-28;5975.333333;1137.583333;655.75;895.5;105.0;1202.0;1695.166667;555.083333;1759.916667;522.25
2021-03-01;6739.416667;1844.583333;1147.5;1233.833333;100.666667;1473.833333;2466.166667;781.583333;2213.25;704.583333
2021-03-02;6609.666667;1790.666667;1224.333333;1282.083333;124.916667;1470.0;2431.083333;817.5;2273.583333;700.333333
2021-03-05;6769.666667;1850.833333;1349.25;1322.916667;119.583333;1489.083333;2378.083333;938.166667;2371.166667;714.0
2021-03-07;5675.333333;1127.916667;744.166667;1049.75;136.0;1229.166667;1671.25;642.333333;1821.916667;520.916667
2021-03-08;6896.75;1822.5;1256.166667;1353.666667;135.166667;1534.833333;2546.583333;854.416667;2254.25;662.333333
2021-03-11;6917.0;2081.416667;1326.25;1357.583333;119.25;1524.916667;2737.5;891.083333;2338.333333;683.0
2021-03-13;6232.583333;1845.333333;688.333333;1040.0;119.916667;1200.833333;1811.0;558.083333;1787.75;520.75
2021-03-17;7399.833333;2108.0;1366.333333;1365.666667;143.333333;1529.166667;2640.0;860.166667;2481.666667;780.666667
2021-03-18;7510.166667;2086.25;1371.25;1384.666667;130.75;1567.083333;2865.083333;923.333333;2475.666667;899.5
2021-03-23;7154.916667;2164.833333;1190.75;1288.583333;122.75;1533.666667;2697.833333;902.416667;2360.416667;708.583333
2021-03-24;6725.0;1915.5;1222.666667;1193.666667;119.833333;1554.5;2502.083333;823.75;2207.666667;683.583333
2021-03-25;6829.083333;1745.083333;1406.25;1317.916667;122.5;1548.416667;2699.75;837.5;2413.916667;684.833333
2021-03-26;6736.833333;1940.666667;1405.166667;1199.75;120.083333;1501.083333;2425.583333;769.416667;2335.0;667.083333
2021-03-30;6155.333333;2125.25;1301.0;1166.75;107.75;1517.75;2350.0;824.75;2204.083333;700.166667
2021-04-01;5874.666667;2175.916667;1363.333333;1174.083333;105.25;1508.333333;2312.083333;772.083333;2148.416667;683.333333
2021-04-06;6775.75;2043.333333;1288.916667;1179.083333;98.833333;1452.333333;2552.5;793.0;2198.5;674.666667
2021-04-07;7082.0;2024.75;1266.416667;1142.25;98.75;1476.333333;2305.5;805.166667;2249.416667;696.583333
2021-04-10;5841.083333;1612.333333;864.916667;943.666667;105.25;1198.333333;1555.25;564.833333;1749.416667;507.25
2021-04-13;7095.833333;1951.083333;1294.416667;1263.166667;105.166667;1297.916667;2094.25;837.166667;2174.916667;764.25
2021-04-14;7039.333333;1986.833333;1265.5;1285.416667;100.583333;1258.333333;2182.666667;809.666667;2176.333333;828.666667
2021-04-15;7096.25;1941.333333;1201.833333;1178.0;98.916667;1283.333333;2153.583333;810.25;2262.833333;923.083333
2021-04-16;6947.666667;1951.5;1190.833333;1258.916667;100.666667;1239.916667;2140.0;816.583333;2169.0;859.5
2021-04-17;6033.583333;1613.583333;676.416667;968.5;107.083333;1115.75;1574.083333;593.5;1760.083333;648.083333
2021-04-21;5951.666667;1802.166667;809.333333;1127.833333;107.333333;1244.666667;1595.583333;766.666667;2016.583333;823.416667
2021-04-22;5697.5;1815.166667;844.5;1089.333333;103.833333;1252.666667;1551.75;727.833333;2016.25;829.916667
2021-04-24;5026.916667;1482.166667;675.916667;852.5;103.333333;1137.75;1319.416667;486.25;1617.75;651.416667
2021-04-26;5619.25;1806.916667;886.916667;1105.666667;103.25;1263.0;1717.916667;753.0;2019.083333;829.666667
2021-05-01;5284.25;1191.75;575.166667;855.833333;102.0;1218.583333;1454.166667;544.5;1747.583333;444.5
2021-05-02;5243.666667;1197.5;573.25;868.166667;99.083333;1126.0;1449.25;539.583333;1721.083333;530.25
2021-05-03;6175.833333;1874.25;1170.083333;1229.166667;100.166667;1507.666667;2185.0;822.666667;2249.75;873.833333
2021-05-06;7280.666667;1938.833333;1299.083333;1275.083333;99.083333;1585.083333;2592.666667;983.0;2730.416667;817.666667
2021-05-14;5561.833333;1248.25;808.416667;925.916667;102.75;1219.0;1804.5;628.083333;1743.25;680.5
2021-05-26;6463.416667;1849.0;1303.083333;1276.666667;103.333333;1459.5;2378.25;958.083333;2306.416667;887.75
2021-05-27;6175.5;1804.333333;1356.25;1222.916667;103.166667;1470.083333;2286.833333;946.083333;2231.666667;911.166667
2021-05-28;5751.25;1725.666667;1197.5;1172.583333;106.5;1444.333333;2159.916667;948.25;2052.166667;988.166667
2021-06-02;5481.5;1664.916667;1028.916667;1055.916667;105.833333;1459.5;2061.083333;757.916667;1968.0;927.333333
2021-06-04;5480.333333;1651.083333;1050.666667;1068.833333;101.0;1469.083333;1974.833333;712.083333;1987.5;827.166667
2021-06-05;4980.666667;997.583333;600.916667;738.416667;104.083333;1218.166667;1299.083333;500.416667;1651.25;507.166667
2021-06-07;5427.666667;1674.75;1026.666667;1022.916667;100.25;1487.333333;1929.833333;763.333333;1963.416667;769.416667
2021-06-11;5576.25;1639.583333;1059.75;1012.166667;108.333333;1437.75;2025.583333;710.25;2009.916667;798.083333
2021-06-13;4946.25;994.583333;595.333333;677.666667;101.75;1131.083333;1352.583333;478.25;1620.583333;535.083333
2021-06-15;5878.0;0.0;1050.416667;1104.583333;106.5;0.0;2066.833333;720.0;2047.75;918.0
2021-06-16;6133.333333;0.0;1090.5;1043.5;104.583333;0.0;2094.666667;692.083333;2061.5;885.25
2021-06-18;5806.666667;0.0;1018.75;1099.583333;103.333333;0.0;2215.916667;712.75;2025.916667;0.0
2021-06-20;4972.166667;0.0;589.416667;733.916667;102.75;0.0;1433.666667;440.0;1676.666667;0.0
2021-06-23;5568.75;1674.0;1165.916667;953.75;97.083333;1533.75;2321.583333;700.333333;2138.5;855.166667
2021-06-24;5578.666667;1543.75;1133.666667;892.0;99.833333;1579.75;2303.583333;802.416667;2189.416667;767.333333
2021-06-28;5505.0;1598.5;1192.5;871.75;104.166667;1593.333333;2132.833333;707.166667;1987.833333;677.083333
2021-07-01;5413.583333;1458.916667;907.333333;726.75;102.166667;1629.083333;1880.416667;716.166667;2080.666667;635.75
2021-07-05;5388.166667;1477.666667;1023.583333;726.666667;100.416667;1583.25;1895.083333;750.666667;2018.083333;745.0
2021-07-10;4897.666667;998.666667;688.75;490.583333;100.416667;1305.166667;1260.833333;508.916667;1729.333333;436.5
2021-07-15;5465.5;1049.75;885.666667;723.333333;101.833333;1480.75;1664.916667;682.75;1985.5;528.833333
2021-07-20;5672.916667;733.333333;844.833333;605.25;106.916667;1488.166667;1734.75;660.666667;1946.416667;476.5
2021-07-24;5207.583333;581.583333;615.833333;424.416667;103.333333;1291.416667;1208.0;468.5;1716.666667;306.833333
2021-07-27;4723.666667;579.666667;643.5;469.416667;111.166667;1360.833333;1439.75;580.583333;1713.166667;332.416667
2021-07-28;4640.333333;557.083333;647.333333;453.916667;106.5;1370.916667;1450.666667;589.833333;1748.666667;334.666667
2021-07-31;4329.583333;556.666667;515.583333;400.583333;103.5;1235.833333;1138.083333;501.75;1734.25;312.166667
2021-08-03;4369.75;561.5;649.416667;412.666667;100.333333;1324.416667;1372.833333;603.083333;1738.916667;334.75
2021-08-06;4271.5;563.75;640.0;412.166667;106.0;1334.75;1487.916667;615.0;1796.75;328.5
2021-08-14;4187.333333;551.083333;501.75;441.916667;106.083333;1207.666667;1166.083333;511.083333;1771.583333;314.25
2021-08-16;4191.583333;454.75;647.25;426.083333;107.416667;1233.833333;1282.916667;639.583333;1873.083333;329.833333
2021-08-22;3953.0;372.583333;510.583333;426.666667;105.416667;1160.25;1173.833333;584.25;1671.5;418.416667
2021-08-26;4391.5;758.416667;834.833333;652.5;99.5;1245.0;1418.25;707.333333;2035.416667;671.666667
2021-08-27;4329.5;1082.0;804.166667;655.833333;102.0;1230.916667;1407.583333;707.75;1944.25;665.75
2021-08-28;4066.166667;1040.833333;572.0;557.083333;107.833333;1149.5;1267.5;532.25;1628.0;451.25
2021-08-30;4229.131034;336.165517;576.0;491.751724;96.0;1115.586207;1271.834483;539.917241;1692.413793;467.917241
2021-09-02;4882.5;1264.333333;929.0;818.0;108.5;1575.583333;2176.5;751.5;2121.666667;845.0
2021-09-04;4745.666667;806.25;551.416667;603.75;112.416667;1252.166667;1338.583333;543.5;1793.166667;531.5
2021-09-07;5758.583333;1482.333333;1018.166667;1100.416667;114.25;1699.833333;2552.833333;740.25;2184.5;933.166667
2021-09-08;5703.0;1494.75;1032.333333;1050.916667;113.083333;1730.833333;2446.916667;702.416667;2129.083333;898.333333
2021-09-15;5722.166667;1550.25;1345.833333;1179.25;111.666667;1651.25;2669.666667;788.666667;2391.666667;1020.0
2021-09-16;5563.333333;1552.583333;1331.333333;1239.333333;104.916667;1691.083333;2751.166667;842.666667;2206.0;955.083333
2021-09-21;5410.166667;1623.083333;1271.583333;1221.916667;105.166667;1732.75;2733.75;814.666667;2279.416667;947.5
2021-09-23;5374.75;1591.333333;1260.833333;1213.0;107.666667;1676.166667;2654.916667;810.666667;2221.25;974.0
2021-09-24;5440.333333;1618.833333;1281.416667;1182.416667;103.083333;1648.916667;2673.416667;846.166667;2205.25;988.333333
2021-10-02;4989.166667;1276.666667;579.416667;802.666667;110.333333;1290.5;1435.5;557.5;1726.333333;536.5
2021-10-03;4880.333333;902.833333;576.666667;801.833333;118.083333;1197.75;1496.666667;540.666667;1703.333333;543.083333
2021-10-06;6016.583333;1700.5;1390.75;1407.833333;117.0;1716.25;2949.583333;922.916667;2559.833333;1104.5
2021-10-07;6093.916667;1671.083333;1370.916667;1459.916667;111.333333;1696.833333;2870.25;920.0;2513.25;1141.916667
2021-10-09;5177.833333;1370.416667;637.0;967.916667;110.583333;1273.916667;1570.25;592.5;1732.75;580.25
2021-10-10;5085.833333;1004.416667;637.5;956.916667;110.083333;1173.166667;1561.583333;586.916667;1742.083333;579.833333
2021-10-15;6789.583333;1747.916667;1441.083333;1396.083333;109.416667;1778.0;3016.333333;962.5;2477.166667;1106.5
2021-10-17;6099.416667;954.583333;779.25;910.25;113.416667;1233.5;1631.416667;628.0;1879.083333;601.833333
2021-10-18;7208.916667;1762.25;1608.5;1415.583333;122.75;1745.083333;2981.666667;935.0;2499.5;1132.583333
2021-10-19;6861.916667;1757.5;1481.833333;1399.5;123.333333;1863.166667;2934.666667;893.166667;2462.166667;1182.75
2021-10-26;7572.416667;1773.833333;1543.75;1354.0;122.416667;1721.166667;2881.416667;984.166667;2599.0;1163.25
2021-10-30;5871.333333;1352.416667;648.75;913.916667;119.583333;1293.583333;1792.25;613.833333;1785.75;601.666667
2021-10-31;6024.5;1014.25;658.5;980.25;128.25;1299.0;1724.583333;631.166667;1775.5;635.833333
2021-11-01;6034.583333;985.666667;654.25;977.166667;120.25;1317.416667;1942.5;693.583333;1718.333333;767.25
2021-11-03;6818.416667;1715.083333;983.916667;1247.5;116.666667;1448.75;2394.0;844.416667;2334.833333;812.333333
2021-11-04;6980.25;1791.0;987.0;1301.5;111.583333;1523.5;2601.416667;929.333333;2394.0;838.583333
2021-11-06;6204.916667;1420.25;612.833333;1035.583333;118.583333;1192.583333;1865.0;652.083333;1862.416667;580.0
2021-11-09;7617.166667;1773.75;1476.916667;1640.833333;116.666667;1672.666667;3224.666667;948.0;2663.166667;1138.166667
2021-11-11;6825.0;1069.5;703.75;1326.75;121.666667;1368.666667;2256.5;705.75;1901.166667;535.833333
2021-11-12;7000.0;1795.25;982.666667;1327.666667;116.666667;1477.083333;2406.25;777.333333;2295.75;638.75
2021-11-17;8361.833333;1809.666667;1572.833333;1582.666667;123.166667;1633.166667;3318.416667;967.666667;2718.25;1080.416667
2021-11-19;7933.583333;1697.916667;1491.666667;1710.833333;122.583333;1659.583333;3289.833333;1058.25;2647.833333;1002.333333
2021-11-20;6881.916667;1413.833333;681.166667;1031.666667;124.083333;1261.5;1806.416667;687.5;1969.75;543.916667
2021-11-21;6804.5;1098.583333;672.25;1039.416667;119.416667;1261.5;1911.75;691.833333;1948.916667;548.416667
2021-11-22;8210.25;1897.083333;1573.666667;1688.0;117.166667;1666.5;3483.75;1016.5;2829.416667;1054.166667
2021-11-23;8333.750865;1935.668108;1571.415513;1690.250288;122.749712;1748.168397;3436.169839;968.168108;2767.000577;1123.0
2021-11-27;7086.666667;1609.0;638.166667;1116.75;127.666667;1263.0;2078.833333;748.166667;1953.083333;550.5
2021-12-04;6906.0;1537.583333;640.166667;1312.5;133.333333;1269.0;1922.916667;656.333333;1885.0;620.25
2021-12-05;6891.916667;1227.0;631.75;1355.833333;123.833333;1256.416667;1950.25;665.916667;1919.916667;612.416667
2021-12-10;8282.416667;1970.0;1620.083333;1590.25;132.666667;1716.916667;3249.166667;1022.833333;2641.083333;1099.333333
2021-12-11;6912.166667;1598.833333;746.333333;1208.5;139.833333;1306.75;2060.583333;585.5;1988.666667;565.583333
2021-12-14;8593.25;1861.583333;2020.083333;1599.25;124.666667;1781.666667;3322.25;1083.166667;2727.666667;1240.083333
2021-12-19;6728.333333;1078.916667;663.5;1130.083333;134.5;1250.833333;1885.333333;628.583333;1824.916667;573.25
2021-12-20;7275.75;1859.0;956.25;1290.583333;137.416667;1449.75;2229.333333;735.75;2101.583333;678.666667
2021-12-24;6654.333333;995.75;738.25;1031.583333;141.083333;1450.666667;2105.166667;719.833333;1753.833333;605.666667
2021-12-29;6426.083333;980.833333;751.416667;1022.5;132.0;1429.166667;2038.25;709.583333;1830.833333;618.0
